,CAS,SMILES,HC50
1,100-00-5,[O-][N+](=O)c1ccc(Cl)cc1,0.64962390394046
2,100-01-6,Nc1ccc(cc1)[N+]([O-])=O,0.704039752650214
3,100-41-4,CCc1ccccc1,1.06400440939323
4,100-42-5,C=Cc1ccccc1,1.04069872870918
5,100-44-7,ClCc1ccccc1,0.449488915478582
6,100-51-6,OCc1ccccc1,1.66141698120992
7,100-52-7,O=Cc1ccccc1,1.08920581885123
8,100-97-0,C1N2CN3CN1CN(C2)C3,4.43733119037451
9,101-05-3,Clc1nc(Cl)nc(Nc2ccccc2Cl)n1,-0.958521861811535
10,101200-48-0,COC(=O)c1ccccc1[S](=O)(=O)NC(=O)N(C)c2nc(C)nc(OC)n2,1.59768294003359
11,101-21-3,CC(C)OC(=O)Nc1cccc(Cl)c1,0.522642151389506
12,1024-57-3,ClC1C2OC2C3C1C4(Cl)C(=C(Cl)C3(Cl)C4(Cl)Cl)Cl,-1.79957666172955
13,10265-92-6,CO[P](N)(=O)SC,-0.0250747809010094
14,102-71-6,OCCN(CCO)CCO,2.82334698296368
15,10311-84-9,CCO[P](=S)(OCC)SC(CCl)N1C(=O)c2ccccc2C1=O,0.103809599683496
16,103-33-3,c1ccc(cc1)N=Nc2ccccc2,-0.284605394993823
17,103-72-0,S=C=Nc1ccccc1,-0.846787486224656
18,103-85-5,NC(=S)Nc1ccccc1,1.11474493033388
19,10453-86-8,CC(C)=CC1C(C(=O)OCc2coc(Cc3ccccc3)c2)C1(C)C,-2.64668076029245
20,104-76-7,CCCCC(CC)CO,1.10134533352021
21,105-55-5,CCNC(=S)NCC,1.77485144625747
22,105-60-2,O=C1CCCCCN1,2.68588728962237
23,105-67-9,Cc1ccc(O)c(C)c1,0.83711060947428
24,10605-21-7,COC(=O)Nc1[nH]c2ccccc2n1,-1.57942168790659
25,106-46-7,Clc1ccc(Cl)cc1,0.404494989912471
26,106-47-8,Nc1ccc(Cl)cc1,0.427141080254082
27,106-50-3,Nc1ccc(N)cc1,-0.249263980680778
28,106-51-4,O=C1C=CC(=O)C=C1,-1.41195437047215
29,106-89-8,ClCC1CO1,1.08288616066172
30,106-93-4,BrCCBr,0.953851264920538
31,107-02-8,C=CC=O,-1.15548337231929
32,107-05-1,ClCC=C,1.1018348256978
33,107-06-2,ClCCCl,2.1911290260122
34,107-18-6,OCC=C,-0.00619657270442812
35,107-19-7,OCC#C,0.277875458839182
36,107-20-0,ClCC=O,0.181801255268966
37,107-21-1,OCCO,3.61719811018518
38,107-29-9,C/C=N/O,1.5797835966168
39,107534-96-3,CC(C)(C)C(O)(CCc1ccc(Cl)cc1)Cn2cncn2,-0.418552334811037
40,107-98-2,COCC(C)O,3.28022635151642
41,108-10-1,CC(C)CC(C)=O,2.62973586684572
42,108-31-6,O=C1OC(=O)C=C1,2.05256834423286
43,108-39-4,Cc1cccc(O)c1,1.06523387126105
44,108-45-2,Nc1cccc(N)c1,1.48478470913359
45,108-46-3,Oc1cccc(O)c1,1.39499073761094
46,108-78-1,Nc1nc(N)nc(N)n1,2.87544678912501
47,108-88-3,Cc1ccccc1,1.54764058311244
48,108-90-7,Clc1ccccc1,0.721389833867806
49,108-95-2,Oc1ccccc1,0.992334932223315
50,109-86-4,COCCO,3.90308998699193
51,109-99-9,C1CCOC1,3.22099227395331
52,110-00-9,o1cccc1,1.59479338866481
53,110-44-1,C/C=C/C=C/C(O)=O,2.87144976461382
54,110-80-5,CCOCCO,2.42937999620508
55,110-86-1,c1ccncc1,2.00944203252177
56,1113-02-6,CNC(=O)CS[P](=O)(OC)OC,1.20220595064161
57,111-30-8,O=CCCCC=O,0.506989402887967
58,111-44-4,ClCCOCCCl,2.09664924502989
59,111-46-6,OCCOCCO,3.88029416405904
60,1114-71-2,CCCCN(CC)C(=O)SCCC,0.454240407164573
61,111-76-2,CCCCOCCO,2.80711846635146
62,112-27-6,OCCOCCOCCO,4.38464725654713
63,112410-23-8,CCc1ccc(cc1)C(=O)NN(C(=O)c2cc(C)cc(C)c2)C(C)(C)C,-0.244931241701772
64,114-26-1,CNC(=O)Oc1ccccc1OC(C)C,0.169605013828326
65,114369-43-6,Clc1ccc(CCC(Cn2cncn2)(C#N)c3ccccc3)cc1,-0.651950793040425
66,115-29-7,ClC1=C(Cl)C2(Cl)C3CO[S](=O)OCC3C1(Cl)C2(Cl)Cl,-2.00269971661611
67,115-32-2,OC(c1ccc(Cl)cc1)(c2ccc(Cl)cc2)C(Cl)(Cl)Cl,-1.10294083181744
68,115-90-2,CCO[P](=S)(OCC)Oc1ccc(cc1)[S](C)=O,-0.753396946232107
69,115-96-8,ClCCO[P](=O)(OCCCl)OCCCl,1.63615574651695
70,116-06-3,CNC(=O)O\N=C\C(C)(C)SC,-0.38038351565867
71,1162-65-8,COc1cc2OC3OC=CC3c2c4OC(=O)C5=C(CCC5=O)c14,-0.322047092584557
72,116-29-0,Clc1ccc(cc1)[S](=O)(=O)c2cc(Cl)c(Cl)cc2Cl,-0.147828537796685
73,117-10-2,Oc1cccc2C(=O)c3cccc(O)c3C(=O)c12,-0.109686239754742
74,117-18-0,[O-][N+](=O)c1c(Cl)c(Cl)cc(Cl)c1Cl,-0.560608530683659
75,117-80-6,ClC1=C(Cl)C(=O)c2ccccc2C1=O,-1.32125382549435
76,118-74-1,Clc1c(Cl)c(Cl)c(Cl)c(Cl)c1Cl,-1.51829512246355
77,118-75-2,ClC1=C(Cl)C(=O)C(=C(Cl)C1=O)Cl,-0.0873706432112041
78,118-96-7,Cc1c(cc(cc1[N+]([O-])=O)[N+]([O-])=O)[N+]([O-])=O,0.43149859529477
79,119-34-6,Nc1ccc(O)c(c1)[N+]([O-])=O,1.25501614632075
80,119-38-0,CC(C)n1nc(C)cc1OC(=O)N(C)C,-0.0117864681647671
81,120-12-7,c1ccc2cc3ccccc3cc2c1,-1.76458331147386
82,120-61-6,COC(=O)c1ccc(cc1)C(=O)OC,1.14899056121137
83,120-62-7,CCCCCCCC[S](=O)C(C)Cc1ccc2OCOc2c1,-0.431798275933004
84,120-72-9,[nH]1ccc2ccccc12,0.185995455732456
85,120-80-9,Oc1ccccc1O,0.868137199035807
86,120-82-1,Clc1ccc(Cl)c(Cl)c1,0.0961691676886881
87,120-83-2,Oc1ccc(Cl)cc1Cl,-0.258212126918391
88,120-93-4,O=C1NCCN1,2.93515308874246
89,121-14-2,Cc1ccc(cc1[N+]([O-])=O)[N+]([O-])=O,0.24945515229048
90,121-69-7,CN(C)c1ccccc1,1.13714816901471
91,121-75-5,CCOC(=O)CC(S[P](=S)(OC)OC)C(=O)OCC,-0.823478456142642
92,121-79-9,CCCOC(=O)c1cc(O)c(O)c(O)c1,0.949390006644908
93,122-14-5,CO[P](=S)(OC)Oc1ccc(c(C)c1)[N+]([O-])=O,-1.04559452070678
94,122-34-9,CCNc1nc(Cl)nc(NCC)n1,-0.463052037076534
95,122-39-4,N(c1ccccc1)c2ccccc2,-0.268113990408902
96,122-42-9,CC(C)OC(=O)Nc1ccccc1,0.946197448566738
97,122-66-7,N(Nc1ccccc1)c2ccccc2,0.0485148555603288
98,123-31-9,Oc1ccc(O)cc1,-0.610257941348969
99,123-91-1,C1COCCO1,3.36513165153865
100,124-48-1,ClC(Br)Br,1.4172972478267
101,126-72-7,BrCC(Br)CO[P](=O)(OCC(Br)CBr)OCC(Br)CBr,-0.172362343405765
102,126-73-8,CCCCO[P](=O)(OCCCC)OCCCC,0.674698981516518
103,127-00-4,CC(O)CCl,2.22246564237218
104,127-18-4,ClC(Cl)=C(Cl)Cl,0.632486678857324
105,129-00-0,c1cc2ccc3cccc4ccc(c1)c2c34,-2.13857162922856
106,13071-79-9,CCO[P](=S)(OCC)SCSC(C)(C)C,-2.48935327015042
107,131-17-9,C=CCOC(=O)c1ccccc1C(=O)OCC=C,0.301867580597983
108,13171-21-6,CCN(CC)C(=O)\C(Cl)=C(/C)O[P](=O)(OC)OC,-1.01198845668197
109,13194-48-4,CCCS[P](=O)(OCC)SCCC,-1.35936910147147
110,133-06-2,ClC(Cl)(Cl)SN1C(=O)C2CC=CCC2C1=O,-0.501595574924718
111,133-07-3,ClC(Cl)(Cl)SN1C(=O)c2ccccc2C1=O,-1.62526963101551
112,134-32-7,Nc1cccc2ccccc12,1.17285068096101
113,13457-18-6,CCOC(=O)c1cn2nc(O[P](=S)(OCC)OCC)cc2nc1C,-0.467425672432296
114,134-62-3,CCN(CC)C(=O)c1cccc(C)c1,1.90520027805099
115,135-88-6,N(c1ccccc1)c2ccc3ccccc3c2,-0.72124639904717
116,13593-03-8,CCO[P](=S)(OCC)Oc1cnc2ccccc2n1,-0.550410670560593
117,13674-87-8,ClCC(CCl)O[P](=O)(OC(CCl)CCl)OC(CCl)CCl,0.294962751636377
118,13684-63-4,COC(=O)Nc1cccc(OC(=O)Nc2cccc(C)c2)c1,-0.359958891236425
119,137-26-8,CN(C)C(=S)SSC(=S)N(C)C,-1.4855661418887
120,138261-41-3,[O-][N+](=O)NC1=NCCN1Cc2ccc(Cl)nc2,0.925117064144028
121,139-40-2,CC(C)Nc1nc(Cl)nc(NC(C)C)n1,-0.981206177809733
122,140-11-4,CC(=O)OCc1ccccc1,0.30102999566398
123,140-57-8,CC(COc1ccc(cc1)C(C)(C)C)O[S](=O)OCCCl,-1.02669219326433
124,140-79-4,O=NN1CCN(CC1)N=O,1.92941892571428
125,140-88-5,CCOC(=O)C=C,0.537276348039918
126,141-05-9,CCOC(=O)\C=C/C(=O)OCC,0.954242509439318
127,141-66-2,CO[P](=O)(OC)OC(/C)=C/C(=O)N(C)C,-0.152589959136162
128,141-78-6,CCOC(C)=O,2.63799242384174
129,141-90-2,O=C1NC(=S)NC=C1,0.699187043075668
130,143390-89-0,CO\N=C(C(=O)OC)/c1ccccc1COc2ccccc2C,-0.929023791462434
131,143-50-0,ClC1(Cl)C2(Cl)C3(Cl)C4(Cl)C(=O)C5(Cl)C3(Cl)C1(Cl)C5(Cl)C24Cl,-1.58462846463796
132,1445-75-6,CC(C)O[P](C)(=O)OC(C)C,2.63746153253494
133,1453-82-3,NC(=O)c1ccncc1,2.80113262018138
134,14698-29-4,CCN1C=C(C(O)=O)C(=O)c2cc3OCOc3cc12,-1.04575749056067
135,14816-18-3,CCO[P](=S)(OCC)O\N=C(C#N)\c1ccccc1,-0.960505506302888
136,148-24-3,Oc1cccc2cccnc12,0.856955177064468
137,148-79-8,[nH]1c2ccccc2nc1c3cscn3,-0.569407009408079
138,149-30-4,S=C1Nc2ccccc2S1,0.0859063273219117
139,150-68-5,CN(C)C(=O)Nc1ccc(Cl)cc1,-0.454180320054274
140,150-76-5,COc1ccc(O)cc1,1.20522299895349
141,15263-53-3,CN(C)C(CSC(N)=O)CSC(N)=O,-0.663419995543437
142,15299-99-7,CCN(CC)C(=O)C(C)Oc1cccc2ccccc12,0.692515044383578
143,1563-66-2,CNC(=O)Oc1cccc2CC(C)(C)Oc12,-0.758882380463259
144,156-60-5,Cl\C=C\Cl,2.0510452627559
145,1610-18-0,COc1nc(NC(C)C)nc(NC(C)C)n1,0.974487536657155
146,1634-04-4,COC(C)(C)C,2.49825956387331
147,1634-78-2,CCOC(=O)CC(S[P](=O)(OC)OC)C(=O)OCC,-1.6597404794731
148,16672-87-0,O[P](O)(=O)CCCl,1.15803102684315
149,16752-77-5,CNC(=O)O\N=C(/C)SC,-0.489455048417333
150,1689-84-5,Oc1c(Br)cc(cc1Br)C#N,0.0736545974535058
151,1689-99-2,CCCCCCCC(=O)Oc1c(Br)cc(cc1Br)C#N,-1.46992417560825
152,17109-49-8,CCO[P](=O)(Sc1ccccc1)Sc2ccccc2,0.130959733734562
153,17804-35-2,CCCCNC(=O)n1c(NC(=O)OC)nc2ccccc12,-0.412307855470274
154,18181-80-1,CC(C)OC(=O)C(O)(c1ccc(Br)cc1)c2ccc(Br)cc2,-0.23924904498349
155,1825-21-4,COc1c(Cl)c(Cl)c(Cl)c(Cl)c1Cl,-1.17728886532545
156,1836-75-5,[O-][N+](=O)c1ccc(Oc2ccc(Cl)cc2Cl)cc1,-0.0968978985260411
157,1861-32-1,COC(=O)c1c(Cl)c(Cl)c(c(Cl)c1Cl)C(=O)OC,0.739028278980012
158,1897-45-6,Clc1c(Cl)c(C#N)c(Cl)c(C#N)c1Cl,-1.56638978815633
159,1912-24-9,CCNc1nc(Cl)nc(NC(C)C)n1,-0.513691707116465
160,1918-16-7,CC(C)N(C(=O)CCl)c1ccccc1,-0.598507790999349
161,1929-77-7,CCCSC(=O)N(CCC)CCC,0.138602419553525
162,1948-33-0,CC(C)(C)c1cc(O)ccc1O,-0.463921067953297
163,19666-30-9,CC(C)Oc1cc(N2N=C(OC2=O)C(C)(C)C)c(Cl)cc1Cl,-1.41921086197806
164,2008-41-5,CCSC(=O)N(CC(C)C)CC(C)C,0.409940548821871
165,2032-65-7,CNC(=O)Oc1cc(C)c(SC)c(C)c1,-0.967212677232242
166,206-44-0,c1ccc2c(c1)c3cccc4cccc2c34,-1.10023915598404
167,2104-64-5,CCO[P](=S)(Oc1ccc(cc1)[N+]([O-])=O)c2ccccc2,-1.97018708085817
168,2104-96-3,CO[P](=S)(OC)Oc1cc(Cl)c(Br)cc1Cl,-2.09362343868227
169,21087-64-9,CSC1=NN=C(C(=O)N1N)C(C)(C)C,0.314976791030586
170,21609-90-5,CO[P](=S)(Oc1cc(Cl)c(Br)cc1Cl)c2ccccc2,-0.536114735549938
171,2163-79-3,CN(C)C(=O)NC1CC2CC1C3CCCC23,0.875529298241428
172,21725-46-2,CCNc1nc(Cl)nc(NC(C)(C)C#N)n1,-0.271869653627604
173,2212-67-1,CCSC(=O)N1CCCCCC1,0.35488225449022
174,2243-62-1,Nc1cccc2c(N)cccc12,0.830128408460155
175,2275-23-2,CNC(=O)CCSCCS[P](=O)(OC)OC,1.92612285716134
176,22781-23-3,CNC(=O)Oc1cccc2OC(C)(C)Oc12,-1.15993343346313
177,2303-17-5,CC(C)N(C(C)C)C(=O)SCC(Cl)=C(Cl)Cl,-0.219367461756792
178,2310-17-0,CCO[P](=S)(OCC)SCN1C(=O)Oc2cc(Cl)ccc12,-0.585148486479641
179,23103-98-2,CN(C)C(=O)Oc1nc(nc(C)c1C)N(C)C,1.21175918602279
180,2312-35-8,CC(C)(C)c1ccc(OC2CCCCC2O[S](=O)OCC#C)cc1,-0.889736227497363
181,23135-22-0,CNC(=O)O\N=C(SC)\C(=O)N(C)C,0.0828527404430889
182,23564-05-8,COC(=O)NC(=S)Nc1ccccc1NC(=S)NC(=O)OC,0.551944584327933
183,23950-58-5,CC(C)(NC(=O)c1cc(Cl)cc(Cl)c1)C#C,0.793657424524178
184,24017-47-8,CCO[P](=S)(OCC)Oc1ncn(n1)c2ccccc2,-0.82695019188025
185,191906,NA,-0.629012660422148
186,196869,NA,-2.10773954769936
187,2489-77-2,CNC(=S)N(C)C,2.58546072950849
188,25013-16-5,COc1ccc(O)c(c1)C(C)(C)C,0.22846495125016
189,25057-89-0,CC(C)N1C(=O)c2ccccc2N[S]1(=O)=O,1.98992700258699
190,25311-71-1,CCO[P](=S)(NC(C)C)Oc1ccccc1C(=O)OC(C)C,-1.32851199591663
191,2540-82-1,CO[P](=S)(OC)SCC(=O)N(C)C=O,1.10156641524201
192,2595-54-2,CCOC(=O)N(C)C(=O)CS[P](=S)(OCC)OCC,0.0663120713346437
193,254642,NA,-1.4558450000432
194,2636-26-2,CO[P](=S)(OC)Oc1ccc(cc1)C#N,1.25901612125011
195,2691-41-0,[O-][N+](=O)N1CN(CN(CN(C1)[N+]([O-])=O)[N+]([O-])=O)[N+]([O-])=O,0.985985638199868
196,2698-41-1,Clc1ccccc1C=C(C#N)C#N,0.48352999171867
197,2764-72-9,C1C[n+]2ccccc2c3cccc[n+]13,-0.915359509379123
198,28249-77-6,CCN(CC)C(=O)SCc1ccc(Cl)cc1,-0.723703868378777
199,28434-01-7,CC(C)=CC1C(C(=O)OCc2coc(Cc3ccccc3)c2)C1(C)C,-2.39145366433364
200,2921-88-2,CCO[P](=S)(OCC)Oc1nc(Cl)c(Cl)cc1Cl,-2.3755942008449
201,29232-93-7,CCN(CC)c1nc(C)cc(O[P](=S)(OC)OC)n1,-1.18060613781222
202,297-78-9,ClC1OC(Cl)C2C1C3(Cl)C(=C(Cl)C2(Cl)C3(Cl)Cl)Cl,-0.841886390453227
203,298-00-0,CO[P](=S)(OC)Oc1ccc(cc1)[N+]([O-])=O,-0.534346099971183
204,298-02-2,CCO[P](=S)(OCC)SCSCC,-1.73637565879706
205,298-04-4,CCO[P](=S)(OCC)SCCSCC,-1.62553597337407
206,29973-13-5,CCSCc1ccccc1OC(=O)NC,0.608465913469184
207,299-84-3,CO[P](=S)(OC)Oc1cc(Cl)c(Cl)cc1Cl,-0.947444082395004
208,299-86-5,CN[P](=O)(OC)Oc1ccc(cc1Cl)C(C)(C)C,0.955627504448778
209,300-76-5,CO[P](=O)(OC)OC(Br)C(Cl)(Cl)Br,-1.04330903130541
210,302-17-0,OC(O)C(Cl)(Cl)Cl,1.72896224975431
211,302-79-4,CC1=C(\C=C\C(C)=C\C=C\C(C)=C\C(O)=O)C(C)(C)CCC1,-2.51841882657399
212,30560-19-1,CO[P](=O)(NC(C)=O)SC,1.49545875482061
213,309-00-2,ClC1=C(Cl)C2(Cl)C3C4CC(C=C4)C3C1(Cl)C2(Cl)Cl,-1.71476450306775
214,315-18-4,CNC(=O)Oc1cc(C)c(N(C)C)c(C)c1,-0.459381779540369
215,319-84-6,ClC1C(Cl)C(Cl)C(Cl)C(Cl)C1Cl,0.1302605276791
216,319-85-7,ClC1C(Cl)C(Cl)C(Cl)C(Cl)C1Cl,-0.0764554290255492
217,32809-16-8,CC12CC1(C)C(=O)N(C2=O)c3cc(Cl)cc(Cl)c3,1.19420500420961
218,330-54-1,CN(C)C(=O)Nc1ccc(Cl)c(Cl)c1,-0.488716204266351
219,330-55-2,CON(C)C(=O)Nc1ccc(Cl)c(Cl)c1,-0.873675341103654
220,333-41-5,CCO[P](=S)(OCC)Oc1cc(C)nc(n1)C(C)C,-0.986914160741313
221,3337-71-1,COC(=O)N[S](=O)(=O)c1ccc(N)cc1,1.95781401211382
222,3347-22-6,O=C1C2=C(SC(=C(S2)C#N)C#N)C(=O)c3ccccc13,-0.338591654830712
223,33820-53-0,CCCN(CCC)c1c(cc(cc1[N+]([O-])=O)C(C)C)[N+]([O-])=O,-0.434972994160742
224,34014-18-1,CNC(=O)N(C)c1sc(nn1)C(C)(C)C,0.18741972043643
225,35554-44-0,Clc1ccc(C(Cn2ccnc2)OCC=C)c(Cl)c1,0.171638674439203
226,36734-19-7,CC(C)NC(=O)N1CC(=O)N(C1=O)c2cc(Cl)cc(Cl)c2,-0.370375731409073
227,3689-24-5,CCO[P](=S)(OCC)O[P](=S)(OCC)OCC,-2.24832898046045
228,38260-54-7,CCOc1cc(O[P](=S)(OC)OC)nc(CC)n1,-1.01387126676012
229,39515-41-8,CC1(C)C(C(=O)OC(C#N)c2cccc(Oc3ccccc3)c2)C1(C)C,-4.01956245821311
230,404-86-4,COc1cc(CNC(=O)CCCC\C=C\C(C)C)ccc1O,0.389166084364531
231,40487-42-1,CCC(CC)Nc1c(cc(C)c(C)c1[N+]([O-])=O)[N+]([O-])=O,-1.33804172752715
232,40596-69-8,COC(C)(C)CCCC(C)C\C=C\C(C)=C\C(=O)OC(C)C,0.0189116995846616
233,41198-08-7,CCCS[P](=O)(OCC)Oc1ccc(Br)cc1Cl,-2.79695845076456
234,43121-43-3,CC(C)(C)C(=O)C(Oc1ccc(Cl)cc1)n2cncn2,0.662126084343594
235,452-86-8,Cc1ccc(O)c(O)c1,1.13987908640122
236,470-82-6,CC12CCC(CC1)C(C)(C)O2,1.70757017609792
237,470-90-6,CCO[P](=O)(OCC)OC(=C\Cl)/c1ccc(Cl)cc1Cl,-0.87562362068021
238,4824-78-6,CCO[P](=S)(OCC)Oc1cc(Cl)c(Br)cc1Cl,-0.714081665406597
239,50-06-6,CCC1(C(=O)NC(=O)NC1=O)c2ccccc2,2.38381536598042
240,50-28-2,C[C@]12CC[C@H]3[C@@H](CCc4cc(O)ccc34)[C@@H]1CC[C@@H]2O,-4.0772524348652
241,50-32-8,c1ccc2c(c1)cc3ccc4cccc5ccc2c3c45,-0.935446180712985
242,50-44-2,S=C1N=CNc2nc[nH]c12,1.43536650661265
243,50471-44-8,CC1(OC(=O)N(C1=O)c2cc(Cl)cc(Cl)c2)C=C,0.146103514419297
244,505-29-3,C1CSCCS1,1.0644579892269
245,510-15-6,CCOC(=O)C(O)(c1ccc(Cl)cc1)c2ccc(Cl)cc2,0.0976331734483571
246,51-03-6,CCCCOCCOCCOCc1cc2OCOc2cc1CCC,-0.400677761631922
247,51218-45-2,CCc1cccc(C)c1N(C(C)COC)C(=O)CCl,-0.400266905748516
248,51235-04-2,CN(C)C1=NC(=O)N(C2CCCCC2)C(=O)N1C,-0.780939094776773
249,512-56-1,CO[P](=O)(OC)OC,3.54468802230266
250,51-52-5,CCCC1=CC(=O)NC(=S)N1,1.33243845991559
251,51630-58-1,CC(C)C(C(=O)OC(C#N)c1cccc(Oc2ccccc2)c1)c3ccc(Cl)cc3,-3.32266544484179
252,518-75-2,C[C@H]1OC=C2C(=O)C(=C(O)O)C(=O)C(=C2[C@@H]1C)C,-2.28040364541604
253,52315-07-8,CC1(C)C(C=C(Cl)Cl)C1C(=O)OC(C#N)c2cccc(Oc3ccccc3)c2,-3.74495749336418
254,5234-68-4,CC1=C(SCCO1)C(=O)Nc2ccccc2,-0.101982605398224
255,52645-53-1,CC1(C)[C@@H](C=C(Cl)Cl)[C@H]1C(=O)OCc2cccc(Oc3ccccc3)c2,-2.21759538326266
256,52-68-6,CO[P](=O)(OC)C(O)C(Cl)(Cl)Cl,-0.964969331219142
257,52918-63-5,CC1(C)[C@@H](C=C(Br)Br)[C@H]1C(=O)O[C@H](C#N)c2cccc(Oc3ccccc3)c2,-2.543084259853
258,532-27-4,ClCC(=O)c1ccccc1,-0.253775585572051
259,5392-40-5,CC(C)=CCC\C(C)=C\C=O,0.670393061071235
260,53-96-3,CC(=O)Nc1ccc2c(Cc3ccccc23)c1,1.0347133651469
261,55179-31-2,CC(C)(C)C(O)C(Oc1ccc(cc1)c2ccccc2)n3cncn3,0.0642339941697647
262,55219-65-3,CC(C)(C)C(O)C(Oc1ccc(Cl)cc1)n2cncn2,0.668383326106635
263,55268-74-1,O=C1CN(CC2N1CCc3ccccc23)C(=O)C4CCCCC4,0.826074802700818
264,55285-14-8,CCCCN(CCCC)SN(C)C(=O)Oc1cccc2CC(C)(C)Oc12,-0.895291161998148
265,55-38-9,CO[P](=S)(OC)Oc1ccc(SC)c(C)c1,-1.0731189331642
266,55-63-0,[O-][N+](=O)OCC(CO[N+]([O-])=O)O[N+]([O-])=O,0.670563293146129
267,5598-13-0,CO[P](=S)(OC)Oc1nc(Cl)c(Cl)cc1Cl,-1.6193719620226
268,56-23-5,ClC(Cl)(Cl)Cl,1.59206569920052
269,563-12-2,CCO[P](=S)(OCC)SCS[P](=S)(OCC)OCC,-1.13984036647704
270,563-47-3,CC(=C)CCl,0.772034022175128
271,56-38-2,CCO[P](=S)(OCC)Oc1ccc(cc1)[N+]([O-])=O,-2.56788223912566
272,56-49-5,Cc1ccc2cc3c(ccc4ccccc34)c5CCc1c25,-4.21112488422458
273,56-53-1,CC\C(c1ccc(O)cc1)=C(\CC)c2ccc(O)cc2,-1.02203451835771
274,56-72-4,CCO[P](=S)(OCC)Oc1ccc2C(=C(Cl)C(=O)Oc2c1)C,-1.10233839649708
275,56-75-7,OCC(NC(=O)C(Cl)Cl)C(O)c1ccc(cc1)[N+]([O-])=O,1.83097445800256
276,56-81-5,OCC(O)CO,4.43136376415897
277,57018-04-9,CO[P](=S)(OC)Oc1c(Cl)cc(C)cc1Cl,0.0327930127721188
278,57-06-7,C=CCN=C=S,-1.39154775073916
279,57-13-6,NC(N)=O,2.96238310051955
280,57-43-2,CCC1(CCC(C)C)C(=O)NC(=O)NC1=O,1.63042787502501
281,57-55-6,CC(O)CO,3.7941052482941
282,576-26-1,Cc1cccc(C)c1O,0.795755108636429
283,57-63-6,C[C@]12CC[C@H]3[C@@H](CCc4cc(O)ccc34)[C@@H]1CC[C@@]2(O)C#C,-2.08009956728094
284,57-74-9,ClC1CC2C(C1Cl)C3(Cl)C(=C(Cl)C2(Cl)C3(Cl)Cl)Cl,-1.53504771551455
285,57837-19-1,COCC(=O)N(C(C)C(=O)OC)c1c(C)cccc1C,1.31109260618037
286,58138-08-2,Clc1cc(Cl)cc(c1)C2(CO2)CC(Cl)(Cl)Cl,-0.411933813680606
287,58-14-0,CCc1nc(N)nc(N)c1c2ccc(Cl)cc2,0.638565870588943
288,59669-26-0,CSC(/C)=N/OC(=O)N(C)SN(C)C(=O)O\N=C(/C)SC,-0.702848482487411
289,60168-88-9,OC(c1ccc(Cl)cc1)(c2cncnc2)c3ccccc3Cl,-0.116379707308793
290,60207-90-1,CCCC1COC(Cn2cncn2)(O1)c3ccc(Cl)cc3Cl,0.0592173916783549
291,60-29-7,CCOCC,2.80714926432206
292,60-35-5,CC(N)=O,3.55155999387605
293,60-51-5,CNC(=O)CS[P](=S)(OC)OC,-0.280812524513794
294,60-57-1,ClC1=C(Cl)C2(Cl)C3C4CC(C5OC45)C3C1(Cl)C2(Cl)Cl,-1.63166369370922
295,606-20-2,Cc1c(cccc1[N+]([O-])=O)[N+]([O-])=O,1.16886412364902
296,608-73-1,ClC1C(Cl)C(Cl)C(Cl)C(Cl)C1Cl,-0.798752625644393
297,608-93-5,Clc1cc(Cl)c(Cl)c(Cl)c1Cl,-0.712194633287557
298,613-50-3,[O-][N+](=O)c1ccc2ncccc2c1,1.47066801982243
299,61-82-5,Nc1[nH]ncn1,0.981157228672228
300,622-78-6,S=C=NCc1ccccc1,-1.66756154008439
301,62-53-3,Nc1ccccc1,1.11708652149075
302,62-56-6,NC(N)=S,1.63557325593399
303,62-73-7,CO[P](=O)(OC)OC=C(Cl)Cl,-1.59356571310426
304,630-20-6,ClCC(Cl)(Cl)Cl,1.19497291941486
305,63-25-2,CNC(=O)Oc1cccc2ccccc12,-0.372276230688114
306,634-93-5,Nc1c(Cl)cc(Cl)cc1Cl,0.268909547536636
307,640-15-3,CCSCCS[P](=S)(OC)OC,0.222318251669617
308,64-17-5,CCO,3.17424506429254
309,64902-72-3,COc1nc(C)nc(NC(=O)N[S](=O)(=O)c2ccccc2Cl)n1,0.341511574482144
310,66215-27-8,Nc1nc(N)nc(NC2CC2)n1,0.934069970403978
311,66246-88-6,CCCC(Cn1cncn1)c2ccc(Cl)cc2Cl,0.170784100564459
312,66841-25-6,CC1(C)[C@@H](C(Br)C(Br)(Br)Br)[C@H]1C(=O)O[C@H](C#N)c2cccc(Oc3ccccc3)c2,-3.02616237465558
313,67375-30-8,CC1(C)[C@@H](C=C(Cl)Cl)[C@H]1C(=O)OC(C#N)c2cccc(Oc3ccccc3)c2,-3.47841553597015
314,67-56-1,CO,3.24516568829533
315,67-63-0,CC(C)O,3.39041520837122
316,67-66-3,ClC(Cl)Cl,1.76120227577022
317,67-72-1,ClC(Cl)(Cl)C(Cl)(Cl)Cl,0.202061482696971
318,67747-09-5,CCCN(CCOc1c(Cl)cc(Cl)cc1Cl)C(=O)n2ccnc2,-0.950337507475684
319,68-12-2,CN(C)C=O,3.47496916498245
320,685-91-6,CCN(CC)C(C)=O,2.87506126339169
321,6923-22-4,CNC(=O)\C=C(/C)O[P](=O)(OC)OC,0.159407404052131
322,693-98-1,Cc1[nH]ccn1,2.15533603746505
323,709-98-8,CCC(=O)Nc1ccc(Cl)c(Cl)c1,-1.18865541485833
324,71-36-3,CCCCO,2.88955122551009
325,71-55-6,CC(Cl)(Cl)Cl,2.06151441251178
326,72-20-8,ClC1=C(Cl)C2(Cl)C3C4CC(C5OC45)C3C1(Cl)C2(Cl)Cl,-2.90577610857987
327,72-43-5,COc1ccc(cc1)C(c2ccc(OC)cc2)C(Cl)(Cl)Cl,-1.90884442200646
328,72-55-9,Clc1ccc(cc1)C(=C(Cl)Cl)c2ccc(Cl)cc2,-2.15584787212732
329,72-56-0,CCc1ccc(cc1)C(C(Cl)Cl)c2ccc(CC)cc2,-1.67009361193436
330,7287-19-6,CSc1nc(NC(C)C)nc(NC(C)C)n1,-1.34616335996374
331,732-11-6,CO[P](=S)(OC)SCN1C(=O)c2ccccc2C1=O,-1.85129472355283
332,732-26-3,CC(C)(C)c1cc(c(O)c(c1)C(C)(C)C)C(C)(C)C,-1.5164127030311
333,74223-64-6,COC(=O)c1ccccc1[S](=O)(=O)NC(=O)Nc2nc(C)nc(OC)n2,0.0996350821972898
334,74-83-9,CBr,0.0996523665329448
335,75-05-8,CC#N,2.54004253267128
336,75-15-0,S=C=S,1.09677995719254
337,75-21-8,C1CO1,1.97248280524304
338,75-25-2,BrC(Br)Br,1.20584061761719
339,75-27-4,ClC(Cl)Br,2.07918124604761
340,75-35-4,ClC(Cl)=C,1.85304929071244
341,75-47-8,IC(I)I,0.164352855784436
342,75-65-0,CC(C)(C)O,3.29881939280232
343,759-94-4,CCCN(CCC)C(=O)SCC,0.676579282685556
344,76-01-7,ClC(Cl)C(Cl)(Cl)Cl,0.972225776802295
345,76-06-2,[O-][N+](=O)C(Cl)(Cl)Cl,-1.35682791179545
346,76-44-8,ClC1C=CC2C1C3(Cl)C(=C(Cl)C2(Cl)C3(Cl)Cl)Cl,-1.57596818953778
347,76578-14-8,CCOC(=O)C(C)Oc1ccc(Oc2cnc3cc(Cl)ccc3n2)cc1,-0.674873823811613
348,77-47-4,ClC1=C(Cl)C(Cl)(Cl)C(=C1Cl)Cl,-1.22153115347416
349,7786-34-7,COC(=O)\C=C(/C)O[P](=O)(OC)OC,-1.40931365750497
350,78-34-2,CCO[P](=S)(OCC)SC1OCCOC1S[P](=S)(OCC)OCC,-1.07042181537391
351,78-48-8,CCCCS[P](=O)(SCCCC)SCCCC,-0.949582578420988
352,78-59-1,CC1=CC(=O)CC(C)(C)C1,2.03430211157302
353,786-19-6,CCO[P](=S)(OCC)SCSc1ccc(Cl)cc1,-1.36926141153962
354,78-83-1,CC(C)CO,2.83416681617958
355,78-84-2,CC(C)C=O,1.64275160307354
356,78-87-5,CC(Cl)CCl,1.71084285932048
357,79-00-5,ClCC(Cl)Cl,1.76891486095272
358,79-01-6,ClC=C(Cl)Cl,1.45948656877073
359,79-19-6,NNC(N)=S,0.898706593399678
360,79277-27-3,COC(=O)c1sccc1[S](=O)(=O)NC(=O)Nc2nc(C)nc(OC)n2,-0.680130596192889
361,79-34-5,ClC(Cl)C(Cl)Cl,0.96774713126769
362,79-46-9,CC(C)[N+]([O-])=O,2.37465586842049
363,80-05-7,CC(C)(c1ccc(O)cc1)c2ccc(O)cc2,0.36227576526025
364,80-33-1,Clc1ccc(O[S](=O)(=O)c2ccc(Cl)cc2)cc1,-0.294848182804174
365,80-62-6,COC(=O)C(C)=C,2.20859990128076
366,81-54-9,Oc1cc(O)c2C(=O)c3ccccc3C(=O)c2c1O,0.326606256887671
367,81-81-2,CC(=O)CC(c1ccccc1)C2=C(O)Oc3ccccc3C2=O,1.55677561825862
368,82097-50-5,COc1nc(C)nc(NC(=O)N[S](=O)(=O)c2ccccc2OCCCl)n1,0.380055459391269
369,82558-50-7,CCC(C)(CC)c1cc(NC(=O)c2c(OC)cccc2OC)on1,-0.321455526953249
370,82-68-8,[O-][N+](=O)c1c(Cl)c(Cl)c(Cl)c(Cl)c1Cl,-0.919059701684407
371,828-00-2,CC1CC(OC(C)O1)OC(C)=O,1.47884809222091
372,83055-99-6,COC(=O)c1ccccc1C[S](=O)(=O)NC(=O)Nc2nc(OC)cc(OC)n2,1.63601006215349
373,83-32-9,C1Cc2cccc3cccc1c23,-0.1282405472877
374,83-59-0,CCCOC(=O)C1C(C)Cc2cc3OCOc3cc2C1C(=O)OCCC,-1.92233198126746
375,83-79-4,COc1cc2OC[C@H]3Oc4c5C[C@@H](Oc5ccc4C(=O)[C@H]3c2cc1OC)C(C)=C,-1.22590540306556
376,84-65-1,O=C1c2ccccc2C(=O)c3ccccc13,0.373386822485792
377,84-66-2,CCOC(=O)c1ccccc1C(=O)OCC,1.33287080984494
378,84-74-2,CCCCOC(=O)c1ccccc1C(=O)OCCCC,-0.0745005037751526
379,85-44-9,O=C1OC(=O)c2ccccc12,1.46117788144049
380,85-68-7,CCCCOC(=O)c1ccccc1C(=O)OCc2ccccc2,0.163030848921558
381,85-70-1,CCCCOC(=O)COC(=O)c1ccccc1C(=O)OCCCC,1.03815500914095
382,86-30-6,O=NN(c1ccccc1)c2ccccc2,0.746737473193538
383,86-50-0,CO[P](=S)(OC)SCN1N=Nc2ccccc2C1=O,-1.44193170642871
384,86-57-7,[O-][N+](=O)c1cccc2ccccc12,0.672528544637013
385,86-73-7,C1c2ccccc2c3ccccc13,0.0278457565915777
386,86-74-8,[nH]1c2ccccc2c3ccccc13,0.462815532614305
387,872-50-4,CN1CCCC1=O,2.89886807303022
388,87-56-9,OC(=O)/C(Cl)=C(/Cl)C=O,1.40480240313624
389,87-62-7,Cc1cccc(C)c1N,1.68843678950254
390,87-68-3,ClC(Cl)=C(Cl)C(Cl)=C(Cl)Cl,-0.408265435878833
391,88-06-2,Oc1c(Cl)cc(Cl)cc1Cl,-0.0118779303781769
392,88-12-0,C=CN1CCCC1=O,2.31794506968738
393,886-50-0,CCNc1nc(NC(C)(C)C)nc(SC)n1,-0.388192503632156
394,88671-89-0,CCCCC(Cn1cncn1)(C#N)c2ccc(Cl)cc2,-0.188802610358584
395,88-72-2,Cc1ccccc1[N+]([O-])=O,1.22358249069301
396,88-73-3,[O-][N+](=O)c1ccccc1Cl,1.01596546268642
397,90-12-0,Cc1cccc2ccccc12,0.323971129481308
398,90-43-7,Oc1ccccc1c2ccccc2,-0.0158304015210539
399,91-23-6,COc1ccccc1[N+]([O-])=O,1.58690412304172
400,91-53-2,CCOc1ccc2NC(C)(C)C=C(C)c2c1,0.330477485399874
401,91-57-6,Cc1ccc2ccccc2c1,-0.0685752650075176
402,91-64-5,O=C1Oc2ccccc2C=C1,1.01572471920346
403,91-94-1,Nc1ccc(cc1Cl)c2ccc(N)c(Cl)c2,0.0385357459696324
404,919-86-8,CCSCCS[P](=O)(OC)OC,1.20810726795579
405,92-52-4,c1ccc(cc1)c2ccccc2,0.0468683342735315
406,92-69-3,Oc1ccc(cc1)c2ccccc2,0.404805105528922
407,92-87-5,Nc1ccc(cc1)c2ccc(N)cc2,0.24719894251681
408,93-15-2,COc1ccc(CC=C)cc1OC,0.560951583528174
409,94-11-1,CC(C)OC(=O)COc1ccc(Cl)cc1Cl,-0.589749081017088
410,944-22-9,CCO[P](=S)(CC)Sc1ccccc1,-2.4167198794367
411,94-52-0,[O-][N+](=O)c1ccc2nc[nH]c2c1,1.62592949271628
412,94-80-4,CCCCOC(=O)COc1ccc(Cl)cc1Cl,0.0474158621147014
413,94-81-5,Cc1cc(Cl)ccc1OCCCC(O)=O,1.00040991910741
414,950-37-8,COC1=NN(CS[P](=S)(OC)OC)C(=O)S1,-0.913101269461354
415,95-33-0,C1CCC(CC1)NSc2sc3ccccc3n2,0.889153572178379
416,95-48-7,Cc1ccccc1O,1.1671136088562
417,95-49-8,Cc1ccccc1Cl,1.10279232635578
418,95-50-1,Clc1ccccc1Cl,0.630978644424247
419,95-57-8,Oc1ccccc1Cl,0.769880823210873
420,95-63-6,Cc1ccc(C)c(C)c1,0.515797644840702
421,95-65-8,Cc1ccc(O)cc1C,0.731733895803038
422,95737-68-1,CC(COc1ccc(Oc2ccccc2)cc1)Oc3ccccn3,-1.13111668760259
423,95-74-9,Cc1ccc(N)cc1Cl,0.778553574493207
424,957-51-7,CN(C)C(=O)C(c1ccccc1)c2ccccc2,1.49304779009404
425,95-80-7,Cc1ccc(N)cc1N,1.95028127002375
426,95-94-3,Clc1cc(Cl)c(Cl)cc1Cl,0.351500343309002
427,95-95-4,Oc1cc(Cl)c(Cl)cc1Cl,-0.349211435817888
428,96-09-3,C1OC1c2ccccc2,0.909403458189088
429,961-11-5,CO[P](=O)(OC)OC(=C/Cl)/c1cc(Cl)c(Cl)cc1Cl,-0.670047333647169
430,96-24-2,OCC(O)CCl,3.08230078991352
431,96-45-7,S=C1NCCN1,2.64775757428218
432,96-48-0,O=C1CCCO1,1.78209858969699
433,97-00-7,[O-][N+](=O)c1ccc(Cl)c(c1)[N+]([O-])=O,-0.454878762686904
434,97-53-0,COc1cc(CC=C)ccc1O,1.07918124604761
435,97-74-5,CN(C)C(=S)SC(=S)N(C)C,-0.766606104534352
436,97-77-8,CCN(CC)C(=S)SSC(=S)N(CC)CC,-1.11280922656315
437,98-01-1,O=Cc1occc1,1.29065671018706
438,98-54-4,CC(C)(C)c1ccc(O)cc1,0.561848325810017
439,98-82-8,CC(C)c1ccccc1,0.49278761861019
440,98-92-0,NC(=O)c1cccnc1,-0.769551078621725
441,98-95-3,[O-][N+](=O)c1ccccc1,1.41635767247231
442,99-30-9,Nc1c(Cl)cc(cc1Cl)[N+]([O-])=O,0.199712958672156
443,99-35-4,[O-][N+](=O)c1cc(cc(c1)[N+]([O-])=O)[N+]([O-])=O,-0.135946607695
444,99-55-8,Cc1ccc(cc1N)[N+]([O-])=O,1.05135652892995
445,99-56-9,Nc1ccc(cc1N)[N+]([O-])=O,1.36172783601758
446,99-65-0,[O-][N+](=O)c1cccc(c1)[N+]([O-])=O,0.195085931894481
447,99-99-0,Cc1ccc(cc1)[N+]([O-])=O,1.09004999707013
448,60-80-0,CN1N(C(=O)C=C1C)c2ccccc2,2.26237952238844
449,103-90-2,CC(=O)Nc1ccc(O)cc1,2.0346991314758
450,106-88-7,CCC1CO1,1.96209645695278
451,106-92-3,C=CCOCC1CO1,1.38357793304108
452,107-13-1,C=CC#N,0.806252505014253
453,1071-83-6,OC(=O)CNC[P](O)(O)=O,1.46621243649787
454,108-01-0,CN(C)CCO,1.52161847737519
455,108-03-2,CCC[N+]([O-])=O,1.95944627995099
456,108-05-4,CC(=O)OC=C,1.33365656047747
457,108-91-8,NC1CCCCC1,1.67464233590317
458,108-94-1,O=C1CCCCC1,1.9705527921427
459,110-97-4,CC(O)CNCC(C)O,2.59790986937314
460,111-68-2,CCCCCCCN,0.836048928967858
461,120-36-5,CC(Oc1ccc(Cl)cc1Cl)C(O)=O,1.66461478565376
462,121-44-8,CCN(CC)CC,2.04689413610244
463,122-60-1,C1OC1COc2ccccc2,1.43512877749443
464,123-33-1,O=C1NNC(=O)C=C1,1.71190485510134
465,127-06-0,CC(C)=NO,2.44560420327358
466,127-19-5,CN(C)C(C)=O,2.30105345960317
467,128-37-0,Cc1cc(c(O)c(c1)C(C)(C)C)C(C)(C)C,0.17440661307712
468,131-89-5,Oc1c(cc(cc1[N+]([O-])=O)[N+]([O-])=O)C2CCCCC2,-0.843704052456224
469,133-90-4,Nc1cc(Cl)cc(C(O)=O)c1Cl,1.75816727918833
470,139-13-9,OC(=O)CN(CC(O)=O)CC(O)=O,1.84898667815038
471,151-56-4,C1CN1,0.638422221291149
472,15687-27-1,CC(C)Cc1ccc(cc1)C(C)C(O)=O,1.59779639542746
473,1596-84-5,CN(C)NC(=O)CCC(O)=O,1.92054899264009
474,1746-01-6,Clc1cc2Oc3cc(Cl)c(Cl)cc3Oc2cc1Cl,-4.04556327274359
475,19044-88-3,CCCN(CCC)c1c(cc(cc1[N+]([O-])=O)[S](N)(=O)=O)[N+]([O-])=O,-0.919460317547148
476,1918-00-9,COc1c(Cl)ccc(Cl)c1C(O)=O,1.01574952903228
477,6607,NA,0.92554055049828
478,21259-20-1,CC(C)CC(=O)O[C@H]1C[C@@]2(COC(C)=O)[C@H](O[C@@H]3[C@H](O)[C@@H](OC(C)=O)[C@@]2(C)[C@@]34CO4)C=C1C,-1.19061406546428
479,22224-92-6,CCO[P](=O)(NC(C)C)Oc1ccc(SC)c(C)c1,-1.42754146025569
480,26644-46-2,ClC(Cl)(Cl)C(NC=O)N1CCN(CC1)C(NC=O)C(Cl)(Cl)Cl,0.964905525968848
481,271-89-6,o1ccc2ccccc12,0.845098040014248
482,443-48-1,Cc1ncc(n1CCO)[N+]([O-])=O,2.0842552877984
483,50-00-0,C=O,1.48604255429192
484,50-29-3,Clc1ccc(cc1)C(c2ccc(Cl)cc2)C(Cl)(Cl)Cl,-1.81348913796797
485,51-28-5,Oc1ccc(cc1[N+]([O-])=O)[N+]([O-])=O,0.732379997383542
486,51-79-6,CCOC(N)=O,3.05863564782787
487,542-75-6,ClC\C=C/Cl,0.0690859331365199
488,54-85-3,NNC(=O)c1ccncc1,2.67851638886769
489,55-18-5,CCN(CC)N=O,2.6417323907987
490,55-22-1,OC(=O)c1ccncc1,3.16618729104723
491,55290-64-7,CC1=C(C)[S](=O)(=O)CC[S]1(=O)=O,0.909081474453402
492,556-52-5,OCC1CO1,1.64260861115801
493,57-14-7,CN(C)N,0.687531551450032
494,57-24-9,O=C1C[C@@H]2OCC=C3CN4CC[C@@]56[C@@H]4C[C@@H]3[C@@H]2[C@@H]5N1c7ccccc67,-0.342408566710248
495,58-08-2,Cn1cnc2N(C)C(=O)N(C)C(=O)c12,-0.871613778339975
496,58-89-9,ClC1C(Cl)C(Cl)C(Cl)C(Cl)C1Cl,-1.11391235455379
497,58-90-2,Oc1c(Cl)cc(Cl)c(Cl)c1Cl,-0.296257271906788
498,5902-51-2,CC1=C(Cl)C(=O)N(C(=O)N1)C(C)(C)C,0.220212245128914
499,59-67-6,OC(=O)c1cccnc1,2.04214951796169
500,59-87-0,NC(=O)N/N=C/c1oc(cc1)[N+]([O-])=O,1.28921367335851
501,60-34-4,CNN,-0.0966273279160482
502,6164-98-3,CN(C)C=Nc1ccc(Cl)cc1C,1.34728216805546
503,62-55-5,CC(N)=S,1.5349265105568
504,62-75-9,CN(C)N=O,2.79396944723564
505,65-85-0,OC(=O)c1ccccc1,1.51076896691827
506,67-64-1,CC(C)=O,3.47292170217915
507,680-31-9,CN(C)[P](=O)(N(C)C)N(C)C,3.48229567558398
508,684-93-5,CN(N=O)C(N)=O,1.76342799356292
509,70-30-4,Oc1c(Cl)cc(Cl)c(Cl)c1Cc2c(O)c(Cl)cc(Cl)c2Cl,-2.96219693682169
510,71-43-2,c1ccccc1,1.51133219837796
511,72-54-8,ClC(Cl)C(c1ccc(Cl)cc1)c2ccc(Cl)cc2,-2.51726854415755
512,74-87-3,CCl,2.28483323116262
513,75-07-0,CC=O,1.74546587139532
514,75-09-2,ClCCl,2.17909923810144
515,75-52-5,C[N+]([O-])=O,2.05032580958274
516,75-56-9,CC1CO1,1.98773771735743
517,75-99-0,CC(Cl)(Cl)C(O)=O,2.25524397443517
518,76-03-9,OC(=O)C(Cl)(Cl)Cl,2.76607349419688
519,77-92-9,OC(=O)CC(O)(CC(O)=O)C(O)=O,2.41642383662021
520,78-93-3,CCC(C)=O,3.29725489037716
521,79-06-1,NC(=O)C=C,1.89646403656436
522,79-10-7,OC(=O)C=C,1.45665344546283
523,79-11-8,OC(=O)CCl,0.50603411619161
524,79-43-6,OC(=O)C(Cl)Cl,2.25292182380615
525,81335-77-5,CCc1cnc(C2=NC(C)(C(C)C)C(=O)N2)c(c1)C(O)=O,1.36156344872108
526,86-87-3,OC(=O)Cc1cccc2ccccc12,1.86242753550467
527,87-51-4,OC(=O)Cc1c[nH]c2ccccc12,1.00842982549483
528,87-86-5,Oc1c(Cl)c(Cl)c(Cl)c(Cl)c1Cl,-0.299409651844734
529,88-85-7,CCC(C)c1cc(cc(c1O)[N+]([O-])=O)[N+]([O-])=O,-0.95393140603785
530,91-20-3,c1ccc2ccccc2c1,0.14706201142579
531,93-72-1,CC(Oc1cc(Cl)c(Cl)cc1Cl)C(O)=O,0.799757726075416
532,93-76-5,OC(=O)COc1cc(Cl)c(Cl)cc1Cl,0.9405207399734
533,94-74-6,Cc1cc(Cl)ccc1OCC(O)=O,0.697202495175546
534,94-75-7,OC(=O)COc1ccc(Cl)cc1Cl,1.35613945548627
535,94-82-6,OC(=O)CCCOc1ccc(Cl)cc1Cl,1.14727590987256
536,95-06-7,CCN(CC)C(=S)SCC(Cl)=C,0.0137975617194078
537,96-12-8,ClCC(Br)CBr,1.08337154905769
538,96-18-4,ClCC(Cl)CCl,0.734709753296566
539,96-29-7,CC\C(C)=N\O,2.31601881038746
540,98-00-0,OCc1occc1,2.4897065382962
541,98-86-2,CC(=O)c1ccccc1,1.92418587713606
542,95-14-7,[nH]1nc2ccccc2n1,1.49739650293963
543,100-12-9,CCc1ccc(cc1)[N+]([O-])=O,1.39854759573491
544,10031-82-0,CCOc1ccc(C=O)cc1,1.17651479166002
545,100-43-6,C=Cc1ccncc1,0.653212513775342
546,100-48-1,N#Cc1ccncc1,2.53591409799516
547,100-54-9,N#Cc1cccnc1,2.46363173676529
548,100-55-0,OCc1cccnc1,3.199509720553
549,100-64-1,ON=C1CCCCC1,2.01703333929877
550,100-68-5,CSc1ccccc1,0.17609125905568
551,100-70-9,N#Cc1ccccn1,2.53478302950788
552,100-71-0,CCc1ccccn1,2.3159703454569
553,1008-88-4,c1ccc(cc1)c2cccnc2,1.38506977633192
554,1008-89-5,c1ccc(cc1)c2ccccn2,1.58075395992939
555,101-20-2,Clc1ccc(NC(=O)Nc2ccc(Cl)c(Cl)c2)cc1,-1.76435414447052
556,101-55-3,Brc1ccc(Oc2ccccc2)cc1,0.123340634383253
557,101-81-5,C(c1ccccc1)c2ccccc2,0.574031267727718
558,101-82-6,C(c1ccccc1)c2ccccn2,1.52048353274078
559,102-08-9,S=C(Nc1ccccc1)Nc2ccccc2,1.25023830777304
560,102-27-2,CCNc1cccc(C)c1,1.39357520326957
561,102-81-8,CCCCN(CCO)CCCC,1.76978267289737
562,102-97-6,CC(C)NCc1ccccc1,1.28443073384451
563,103-05-9,CC(C)(O)CCc1ccccc1,1.52113808370402
564,1031-07-8,ClC1=C(Cl)C2(Cl)C3CO[S](=O)(=O)OCC3C1(Cl)C2(Cl)Cl,-0.698601167449001
565,103-74-2,OCCc1ccccn1,0.839478047374188
566,103-76-4,OCCN1CCNCC1,3.50582803385482
567,103-84-4,CC(=O)Nc1ccccc1,1.72931892451281
568,104-13-2,CCCCc1ccc(N)cc1,0.707570176097928
569,104-42-7,CCCCCCCCCCCCc1ccc(N)cc1,-3.4497716469449
570,10443-70-6,CCOC(=O)CCCOc1ccc(Cl)cc1C,0.397940008672036
571,104-51-8,CCCCc1ccccc1,-0.610486380204883
572,104-85-8,Cc1ccc(cc1)C#N,1.8723602558012
573,104-87-0,Cc1ccc(C=O)cc1,1.82772457702669
574,104-90-5,CCc1ccc(C)nc1,1.60799085854716
575,104-94-9,COc1ccc(N)cc1,0.630643598237672
576,105-39-5,CCOC(=O)CCl,0.0602869656029247
577,10540-29-1,CC/C(c1ccccc1)=C(c2ccccc2)/c3ccc(OCCN(C)C)cc3,-1.61083391563546
578,105-46-4,CCC(C)OC(C)=O,2.13342147435028
579,106-40-1,Nc1ccc(Br)cc1,1.44229857000545
580,106-41-2,Oc1ccc(Br)cc1,0.864982088153118
581,106-63-8,CC(C)COC(=O)C=C,0.0590471940242238
582,106-68-3,CCCCCC(=O)CC,1.99464588710884
583,106-69-4,OCCCCC(O)CO,3.83569057149241
584,106-94-5,CCCBr,1.52698506855998
585,106-95-6,BrCC=C,-0.481486060122112
586,107-03-9,CCCS,-1.52287874528033
587,1070-83-3,CC(C)(C)CC(O)=O,3.11423056243902
588,107-12-0,CCC#N,2.88081359228078
589,107-14-2,ClCC#N,-0.170696227168975
590,107-45-9,CC(C)(C)CC(C)(C)N,1.08990511143938
591,107-47-1,CC(C)(C)SC(C)(C)C,1.16286299332191
592,107-87-9,CCCC(C)=O,2.79239168949824
593,108-11-2,CC(C)CC(C)O,2.38557317440748
594,108-40-7,Cc1cccc(S)c1,-2.45593195564972
595,108-44-1,Cc1cccc(N)c1,0.607268695294526
596,108-62-3,CC1OC(C)OC(C)OC(C)O1,1.5652573434202
597,108-69-0,Cc1cc(C)cc(N)c1,1.08622848720028
598,108-89-4,Cc1ccncc1,2.43359309776237
599,108-99-6,Cc1cccnc1,2.24599303423446
600,109-01-3,CN1CCNCC1,3.0606978403536
601,109-06-8,Cc1ccccn1,2.67590841650416
602,109-07-9,CC1CNCCN1,3.04921802267017
603,109-09-1,Clc1ccccn1,2.51704406635043
604,109-21-7,CCCCOC(=O)CCC,0.763427993562928
605,109-64-8,BrCCCBr,-0.0481769646840882
606,109-65-9,CCCCBr,1.26363606858809
607,109-66-0,CCCCC,-0.301029995663981
608,109-70-6,ClCCCBr,1.44289256439172
609,109-75-1,C=CCC#N,1.95904139232108
610,109-85-3,COCCN,2.41830129131973
611,109-87-5,COCOC,3.54344718008169
612,110-02-1,s1cccc1,2.20139712432044
613,110-40-7,CCOC(=O)CCCCCCCCC(=O)OCC,0.142278140702251
614,110-43-0,CCCCCC(C)=O,1.81624129999177
615,110-49-6,COCCOC(C)=O,1.97772360528883
616,110-56-5,ClCCCCCl,1.42193588685107
617,110-62-3,CCCCC=O,0.809233246099538
618,110-73-6,CCNCCO,2.86923171973096
619,110-75-8,ClCCOC=C,2.29857324391683
620,110-77-0,CCSCCO,1.17026171539494
621,110-81-6,CCSSCC,0.860338006570988
622,110-95-2,C[NH+](C)CCC[NH+](C)C,1.57497885444552
623,110-98-5,CC(O)COCC(C)O,3.20153367344337
624,110-99-6,OC(=O)COCC(O)=O,1.72015930340594
625,111-13-7,CCCCCCC(C)=O,1.34531968867617
626,111-18-2,CN(C)CCCCCCN(C)C,0.706242873769578
627,111-25-1,CCCCCCBr,0.236789099409292
628,111-36-4,CCCCN=C=O,0.759368804865628
629,111-47-7,CCCSCCC,1.03542973818453
630,111-55-7,CC(=O)OCCOC(C)=O,1.62213856040091
631,111-65-9,CCCCCCCC,-2.26143937264016
632,111-78-4,C\1C\C=C/CC\C=C1,0.962139643030938
633,111-83-1,CCCCCCCCBr,-0.377785977033704
634,111-91-1,ClCCOCOCCCl,1.98297694455102
635,112-12-9,CCCCCCCCCC(C)=O,-0.1249387366083
636,1121-60-4,O=Cc1ccccn1,1.81700313316457
637,112-18-5,CCCCCCCCCCCCN(C)C,-1.30102999566398
638,112225-87-3,CC(C)(C)N(NC(=O)c1ccccc1)C(=O)c2ccccc2,0.550228353055093
639,1122-54-9,CC(=O)c1ccncc1,2.27089929107057
640,1122-61-8,[O-][N+](=O)c1ccncc1,1.37881661897316
641,1122-91-4,Brc1ccc(C=O)cc1,1.37966803403364
642,112-36-7,CCOCCOCCOCC,3.51851393987787
643,112-37-8,CCCCCCCCCCC(O)=O,0.925246535950478
644,112-52-7,CCCCCCCCCCCCCl,-2.18708664335714
645,1126-46-1,COC(=O)c1ccc(Cl)cc1,0.788981847732128
646,112-70-9,CCCCCCCCCCCCCO,-0.279840696594043
647,115-77-5,OCC(CO)(CO)CO,4.27175296101718
648,118-44-5,CCNc1cccc2ccccc12,-0.455931955649724
649,118-55-8,Oc1ccccc1C(=O)Oc2ccccc2,-0.225959887599444
650,118-61-6,CCOC(=O)c1ccccc1O,0.970242599007838
651,119-32-4,Cc1ccc(N)cc1[N+]([O-])=O,0.982179229852918
652,119-33-5,Cc1ccc(O)c(c1)[N+]([O-])=O,1.22025966884906
653,119-93-7,Cc1cc(ccc1N)c2ccc(N)c(C)c2,0.204119982655924
654,120-07-0,OCCN(CCO)c1ccccc1,2.5652573434202
655,120-21-8,CCN(CC)c1ccc(C=O)cc1,1.07736790528414
656,120-51-4,O=C(OCc1ccccc1)c2ccccc2,0.535203660870059
657,121-29-9,COC(=O)C(/C)=C/[C@@H]1[C@@H](C(=O)O[C@H]2CC(=O)C(=C2C)C\C=C/C=C)C1(C)C,-2.4162849120142
658,121-32-4,CCOc1cc(C=O)ccc1O,1.6535408812635
659,121-46-0,C1C2C=CC1C=C2,1.36172783601758
660,121-86-8,Cc1ccc(cc1Cl)[N+]([O-])=O,0.521144069483581
661,122-03-2,CC(C)c1ccc(C=O)cc1,1.21045229296201
662,122-10-1,COC(=O)C\C(O[P](=O)(OC)OC)=C\C(=O)OC,-0.871987408699017
663,122-79-2,CC(=O)Oc1ccccc1,1.49831055378959
664,123-15-9,CCCC(C)C=O,0.973127853599688
665,123-25-1,CCOC(=O)CCC(=O)OCC,1.84509804001424
666,123-43-3,OC(=O)C[S](O)(=O)=O,2.60691852594828
667,123-66-0,CCCCCC(=O)OCC,0.710579767387038
668,123-92-2,CC(C)CCOC(C)=O,1.77324038396964
669,123-96-6,CCCCCCC(C)O,1.57403126772771
670,124-63-0,C[S](Cl)(=O)=O,0.807711976442968
671,127-07-1,NC(=O)NO,2.26404802952914
672,127-27-5,C[C@]1(CC[C@H]2C(=C1)CC[C@@H]3[C@]2(C)CCC[C@@]3(C)C(O)=O)C=C,-0.795880017344075
673,127-66-2,CC(O)(C#C)c1ccccc1,1.75204844781942
674,127-91-3,CC1(C)C2CCC(=C)C1C2,-0.243724503547894
675,131-16-8,CCCOC(=O)c1ccccc1C(=O)OCCC,0.0142976193611737
676,131-79-3,Cc1ccccc1N=Nc2c(N)ccc3ccccc23,-0.610924374808177
677,131-91-9,Oc1ccc2ccccc2c1N=O,-0.610924374808177
678,133-11-9,Nc1ccc(c(O)c1)C(=O)Oc2ccccc2,0.377520829590111
679,133-32-4,OC(=O)CCCc1c[nH]c2ccccc12,1.71383488156264
680,137-19-9,Oc1cc(O)c(Cl)cc1Cl,0.993436230497608
681,13909-73-4,COc1ccc(C(C)=O)c(OC)c1OC,1.95765905900332
682,13997-73-4,Oc1ccc(Cl)cc1CC=C,-0.756961951313705
683,140-38-5,NC(=O)Nc1ccc(Cl)cc1,1.32767944377165
684,14064-10-9,CCOC(=O)C(Cl)C(=O)OCC,-0.198881459036371
685,14088-71-2,OC(C1CC1)(c2ccc(Cl)cc2)c3ccc(Cl)cc3,-0.113011411387016
686,141-03-7,CCCCOC(=O)CCC(=O)OCCCC,0.352719148914835
687,141-28-6,CCOC(=O)CCCCC(=O)OCC,0.953116932502128
688,141-91-3,CC1CNCC(C)O1,2.28668096935492
689,141-93-5,CCc1cccc(CC)c1,0.31701810104811
690,1421-14-3,CCCOC(=O)Cc1ccc(OCC(=O)N(CC)CC)c(OC)c1,1.19033169817028
691,1423-60-5,CC(=O)C#C,1.09318149034344
692,142-92-7,CCCCCCOC(C)=O,0.397509122162379
693,14315-14-1,Cc1ccc2sccc2c1,0.845098040014248
694,143-16-8,CCCCCCNCCCCCC,-0.0952033102153262
695,14548-46-0,O=C(c1ccccc1)c2ccncc2,1.88342067635789
696,148-01-6,Cc1c(cc(cc1[N+]([O-])=O)[N+]([O-])=O)C(N)=O,1.84051453795587
697,148-53-8,COc1cccc(C=O)c1O,0.266077476930341
698,150-19-6,COc1cccc(O)c1,1.42410169593271
699,15045-43-9,CC1(C)CCC(C)(C)O1,1.92427928606187
700,150-78-7,COc1ccc(OC)cc1,1.80582826339497
701,15310-01-7,Ic1ccccc1C(=O)Nc2ccccc2,0.593195607847745
702,1563-38-8,CC1(C)Cc2cccc(O)c2O1,0.558801345845041
703,15862-07-4,Clc1cc(Cl)c(cc1Cl)c2ccccc2,-0.530177984021836
704,1615-70-9,C=C\C=C/C#N,1.55327604613709
705,16245-79-7,CCCCCCCCc1ccc(N)cc1,-1.51694306697006
706,1646-87-3,CNC(=O)O\N=C\C(C)(C)[S](C)=O,-0.196200482626136
707,1646-88-4,CNC(=O)O\N=C\C(C)(C)[S](C)(=O)=O,0.318543211675829
708,1647-16-1,C=CCCCCCCC=C,-0.838631997765024
709,1653-40-3,CC(C)CCCCCO,1.31008394812784
710,1689-64-1,OC1c2ccccc2c3ccccc13,0.264136888583521
711,1689-82-3,O=C1C=CC(C=C1)=NNc2ccccc2,-0.203142318615132
712,17584-12-2,Cc1nnc(N)nc1C,2.67760695272048
713,1761-61-1,Oc1ccc(Br)cc1C=O,-0.0873928233147492
714,17754-90-4,CCN(CC)c1ccc(C=O)c(O)c1,0.428134794028788
715,17849-38-6,OCc1ccccc1Cl,2.23108196789027
716,18368-63-3,Cc1cccc(Cl)n1,2.0644579892269
717,1846-70-4,CCCCCCC#CC(O)=O,1.28989179830839
718,1871-57-4,ClCC(=C)CCl,-1.02456819149073
719,1918-13-4,NC(=S)c1c(Cl)cccc1Cl,1.28033055544179
720,1928-45-6,CCCCOCCCOC(=O)COc1ccc(Cl)cc1Cl,0.375061263391699
721,1929-88-0,CNC(=O)Nc1sc2ccccc2n1,2.59223372799612
722,19329-89-6,CC(C)CCOC(=O)C(C)O,1.8712321175998
723,19335-11-6,Nc1ccc2[nH]ncc2c1,1.91829251275534
724,1945-53-5,CC(C)C1=CC2=C(CC1)C3(C)CCCC(C)(C3CC2)C(O)=O,-0.560667306169737
725,1962-75-0,CCCCOC(=O)c1ccc(cc1)C(=O)OCCCC,-0.530177984021836
726,1966-58-1,CNC(=O)OCc1ccc(Cl)c(Cl)c1,0.537453911483397
727,1984-59-4,COc1cccc(Cl)c1Cl,-0.138991705794238
728,1984-65-2,COc1c(Cl)cccc1Cl,0.0246090113350908
729,20056-92-2,CCCC\C=C/CCCCCCO,0.216557153548756
730,2028-63-9,CC(O)C#C,0.767155866082178
731,2034-22-2,Brc1[nH]c(Br)c(Br)n1,0.485475467172711
732,2040-96-2,CCCC1CCCC1,0.192149125018533
733,2050-68-2,Clc1ccc(cc1)c2ccc(Cl)cc2,-1.24999999999999
734,205-43-6,s1c2ccccc2c3c1ccc4ccccc34,-0.958607314841774
735,2116-65-6,C(c1ccccc1)c2ccncc2,1.25236751445988
736,2138-22-9,Oc1ccc(Cl)cc1O,-0.102372908709559
737,2150-47-2,COC(=O)c1ccc(O)cc1O,1.30581960586606
738,21757-82-4,CC(=O)OC(c1ccc(Cl)c(Cl)c1)C(Cl)(Cl)Cl,-0.42596873227228
739,2176-62-7,Clc1nc(Cl)c(Cl)c(Cl)c1Cl,-0.338272799455898
740,112134,NA,0.376456166845506
741,2216-51-5,CC(C)[C@@H]1CC[C@@H](C)C[C@H]1O,0.975431808509258
742,22212-55-1,CCOC(=O)C(C)N(C(=O)c1ccccc1)c2ccc(Cl)c(Cl)c2,-0.220810708719766
743,2234-16-4,CC(=O)c1ccc(Cl)cc1Cl,0.767155866082178
744,2243-27-8,CCCCCCCCC#N,0.537819095073273
745,2245-38-7,Cc1cc2cccc(C)c2cc1C,-0.148096467362836
746,225-51-4,c1ccc2nc3c(ccc4ccccc34)cc2c1,-2.46218090492672
747,2255-17-6,CO[P](=O)(OC)Oc1ccc(c(C)c1)[N+]([O-])=O,-0.938755509425386
748,130638,NA,-1.18708664335714
749,22726-00-7,NC(=O)c1cccc(Br)c1,1.6748611407378
750,2274-67-1,CO[P](=O)(OC)OC(=C\Cl)/c1ccc(Cl)cc1Cl,0.807711976442968
751,22936-86-3,CC(C)Nc1nc(Cl)nc(NC2CC2)n1,0.431071506013664
752,23031-36-9,CC(C)=C[C@H]1[C@H](C(=O)OC2CC(=O)C(=C2C)CC#C)C1(C)C,-2.80277415958689
753,160318,NA,1.1653927267698
754,2370-63-0,CCOCCOC(=O)C(C)=C,1.14144977340045
755,24096-53-5,Clc1cc(Cl)cc(c1)N2C(=O)CCC2=O,1.6687166373887
756,194649,NA,1.51851393987787
757,24353-61-5,CO[P](N)(=S)Oc1ccccc1C(=O)OC(C)C,0.66824609982495
758,2436-93-3,Cc1cc(C)c2ncccc2c1,0.113943352306835
759,24544-04-5,CC(C)c1cccc(C(C)C)c1N,0.933746261589308
760,2455-24-5,CC(=C)C(=O)OCC1CCCO1,1.23929947912688
761,2457-47-8,Clc1cncc(Cl)c1,1.12385164096707
762,204423,NA,2.64997706158957
763,2461-15-6,CCCCC(CC)COCC1CO1,0.845098040014248
764,24691-80-3,Cc1occc1C(=O)Nc2ccccc2,0.740362689494238
765,2495-37-6,CC(=C)C(=O)OCc1ccccc1,0.36828688490213
766,218239,NA,-1.82390874094431
767,2499-95-8,CCCCCCOC(=O)C=C,-0.253864321025433
768,2528-36-1,CCCCO[P](=O)(OCCCC)Oc1ccccc1,-0.862751849827776
769,25319-90-8,CCSC(=O)COc1ccc(Cl)cc1C,0.439332693830261
770,25321-22-6,Clc1ccccc1Cl,0.698970004336018
771,2539-26-6,COc1c(O)c(OC)c(Cl)c(Cl)c1Cl,0.230448921378273
772,2570-26-5,CCCCCCCCCCCCCCCN,-2.64749602033333
773,2631-37-0,CNC(=O)Oc1cc(C)cc(c1)C(C)C,1.14612803567822
774,2655-19-8,CNC(=O)Oc1cc(cc(c1)C(C)(C)C)C(C)(C)C,-0.526651081377128
775,2703-37-9,CC[S](=O)CCS[P](=S)(OC)OC,0.0530784434834187
776,271-44-3,[nH]1ncc2ccccc12,1.61573968861914
777,27304-13-8,ClC1C2C(C3OC13Cl)C4(Cl)C(=C(Cl)C2(Cl)C4(Cl)Cl)Cl,-1.46351879684838
778,307323,NA,1.60314437262017
779,27541-88-4,ClC(Cl)C(=O)NC1=C(Cl)C(=O)c2ccccc2C1=O,-0.272577569995745
780,279-23-2,C1CC2CCC1C2,0.414973347970817
781,281-23-2,C1C2CC3CC1CC(C2)C3,-0.84618513565547
782,2845-89-8,COc1cccc(Cl)c1,0.507389705278784
783,2859-67-8,OCCCc1cccnc1,2.07510309390861
784,2867-47-2,CN(C)CCOC(=O)C(C)=C,1.87506126339169
785,2869-34-3,CCCCCCCCCCCCCN,-1.69340598413845
786,2905-69-3,COC(=O)c1cc(Cl)ccc1Cl,0.845049847272598
787,297-97-2,CCO[P](=S)(OCC)Oc1cnccn1,-1.3032123983652
788,298-06-6,CCO[P](S)(=S)OCC,-0.568636235841012
789,30043-49-3,CC[S](=O)(=O)c1sc(nn1)N(C)C(=O)NC,1.60874197210694
790,3073-66-3,CC1CCCC(C)(C)C1,-0.301029995663981
791,481430,NA,1.24720253813983
792,3252-43-5,BrC(Br)C#N,-0.502068222839533
793,33284-50-3,Clc1ccc(c(Cl)c1)c2ccccc2,-1.17339374311232
794,33719-74-3,COc1cc(Cl)cc(Cl)c1,0.445420009890369
795,3380-34-5,Oc1cc(Cl)ccc1Oc2ccc(Cl)cc2Cl,-0.749607413541271
796,3389-71-7,ClC1=C(Cl)C2(Cl)C=CC1(Cl)C2(Cl)Cl,-1.11899851531244
797,3452-97-9,CC(CCO)CC(C)(C)C,0.866196879911478
798,34622-58-7,CCN(CC)C(=O)SCc1ccccc1Cl,0.17612863473269
799,3481-20-7,Nc1c(Cl)c(Cl)cc(Cl)c1Cl,-1.07976775600391
800,578517,NA,1.13033376849499
801,34883-43-7,Clc1ccc(cc1)c2ccccc2Cl,-1.22184874961635
802,601649,NA,-1.7569619513137
803,3558-69-8,c1ccc(cc1)c2cccc(n2)c3ccccc3,-0.974694134735229
804,35975-00-9,Nc1c2cccnc2ccc1[N+]([O-])=O,1.05267856643309
805,36614-38-7,CO[P](=S)(OC)SCCSC(C)C,0.562292864456473
806,670222,NA,1.09430606736259
807,37529-30-9,CCCCCCCCCCc1ccc(N)cc1,-1.90049458790981
808,37680-65-2,Clc1ccc(Cl)c(c1)c2ccccc2Cl,-1.77211329538632
809,38444-85-8,Clc1ccc(cc1)c2cccc(Cl)c2Cl,-1.41720646565328
810,39196-18-4,CNC(=O)O\N=C(\CSC)C(C)(C)C,-0.984801349571618
811,39765-80-5,ClC1C(Cl)C2C(C1Cl)C3(Cl)C(=C(Cl)C2(Cl)C3(Cl)Cl)Cl,-1.95272513261581
812,3978-81-2,CC(C)(C)c1ccncc1,1.6653933502797
813,4005-51-0,Nc1scnn1,2.18595136944546
814,40321-76-4,Clc1cc2Oc3cc(Cl)c(Cl)c(Cl)c3Oc2cc1Cl,-5.21019437788563
815,4044-65-9,S=C=Nc1ccc(cc1)N=C=S,-1.41453927049149
816,40575-34-6,Clc1ccc(OC(=O)N2CCCC2)c(Cl)c1,0.845098040014248
817,4104-14-7,CC(N)=N[P](=S)(Oc1ccc(Cl)cc1)Oc2ccc(Cl)cc2,-0.60305571238774
818,4104-75-0,CN(C(N)=S)c1ccccc1,1.68304703823884
819,42087-80-9,COC(=O)c1ccc(Cl)cc1[N+]([O-])=O,1.14691241757505
820,4214-76-0,Nc1ccc(cn1)[N+]([O-])=O,1.61906721080616
821,4238-71-5,C(n1ccnc1)c2ccccc2,1.86507352226587
822,4253-89-8,CC(C)SSC(C)C,0.618571028120129
823,4412-91-3,OCc1cocc1,2.56317833767749
824,447-53-0,C1Cc2ccccc2C=C1,0.332438459915604
825,4593-90-2,CC(CC(O)=O)c1ccccc1,2.41579905568437
826,462-08-8,Nc1cccnc1,2.15072574658618
827,4655-34-9,CC(C)OC(=O)C(C)=C,1.27875360095282
828,465-73-6,ClC1=C(Cl)[C@]2(Cl)[C@H]3[C@H]4C[C@H](C=C4)[C@H]3[C@@]1(Cl)C2(Cl)Cl,-2.37236374744834
829,4658-28-0,CSc1nc(NC(C)C)nc(N=[N+]=[N-])n1,1.23306293520909
830,471-25-0,OC(=O)C#C,3.29115915763753
831,473-55-2,CC1CCC2CC1C2(C)C,0.224533062606084
832,4780-79-4,OCc1cccc2ccccc12,1.41937740513911
833,479-27-6,Nc1cccc2cccc(N)c12,1.05861579701055
834,4798-44-1,CCCC(O)C=C,1.18184358794476
835,481-42-5,CC1=CC(=O)c2c(O)cccc2C1=O,0.820489028679158
836,4839-46-7,CC(C)(CC(O)=O)CC(O)=O,3.84818911699138
837,485-49-4,CN1CCc2cc3OCOc3cc2[C@H]1[C@@H]4OC(=O)c5c6OCOc6ccc45,-0.288192770958808
838,486-25-9,O=C1c2ccccc2c3ccccc13,0.454844860008509
839,4920-77-8,Cc1cccc(O)c1[N+]([O-])=O,1.16789939166267
840,492-37-5,CC(C(O)=O)c1ccccc1,2.412781713947
841,495-54-5,Nc1ccc(N=Nc2ccccc2)c(N)c1,-0.71298436613614
842,496-11-7,C1Cc2ccccc2C1,0.934085354283908
843,496-16-2,C1Cc2ccccc2O1,1.61119206086842
844,497-37-0,OC1CC2CCC1C2,2.05690485133646
845,498-66-8,C1CC2CC1C=C2,0.698970004336018
846,500-22-1,O=Cc1cccnc1,1.37064002767621
847,500-99-2,COc1cc(O)cc(OC)c1,1.19764732759353
848,502-56-7,CCCCC(=O)CCCC,1.19033169817028
849,50375-10-5,COc1c(Cl)ccc(Cl)c1Cl,-0.470029055969022
850,504-20-1,CC(C)=CC(=O)C=C(C)C,1.47712125471965
851,504-29-0,Nc1ccccn1,1.45618713511009
852,504-63-2,OCCCO,3.59323040021958
853,506-96-7,CC(Br)=O,1.3074960379132
854,508-32-7,CC1(C)C2CC3C(C2)C13C,-0.154901959985743
855,5103-71-9,ClC1CC2C(C1Cl)C3(Cl)C(=C(Cl)C2(Cl)C3(Cl)Cl)Cl,-2.20608816072764
856,5103-74-2,ClC1CC2C(C1Cl)C3(Cl)C(=C(Cl)C2(Cl)C3(Cl)Cl)Cl,-1.33665532419451
857,51207-31-9,Clc1cc2oc3cc(Cl)c(Cl)cc3c2cc1Cl,-5.21277557248308
858,513-48-4,CCC(C)I,0.737709352440758
859,513-81-5,CC(=C)C(C)=C,0.538448051710216
860,51892-26-3,Clc1ccc(Oc2ccccc2)c(Cl)c1,-0.372953453124559
861,5192-03-0,Nc1ccc2[nH]ccc2c1,1.8831217800594
862,5221-49-8,CCO[P](=S)(OCC)Oc1cc(C)nc(n1)N(C)C,0.363363604513285
863,524-42-5,O=C1C=Cc2ccccc2C1=O,-0.301029995663981
864,525-82-6,O=C1C=C(Oc2ccccc12)c3ccccc3,0.243038048686293
865,527-20-8,Nc1c(Cl)c(Cl)c(Cl)c(Cl)c1Cl,-1.18837535480104
866,528-29-0,[O-][N+](=O)c1ccccc1[N+]([O-])=O,0.0750710809242787
867,529-69-1,NC1=NC(=O)C2=C(NC(=O)C=N2)N1,0.17172645365323
868,53-16-7,C[C@]12CC[C@H]3[C@@H](CCc4cc(O)ccc34)[C@@H]1CCC2=O,-0.688246138944245
869,532-55-8,O=C(N=C=S)c1ccccc1,-0.0222763947111532
870,1252060,NA,0.0934216851622348
871,534-13-4,CNC(=S)NC,0.916453948549918
872,536-60-7,CC(C)c1ccc(CO)cc1,1.70466518545452
873,5367-28-2,Cc1cc(Cl)ccc1[N+]([O-])=O,1.07306401783911
874,536-75-4,CCc1ccncc1,2.02583816422969
875,536-90-3,COc1cccc(N)c1,-1.05675463741375
876,538-68-1,CCCCCc1ccccc1,-0.0680338852718281
877,5395-75-5,CCSCCSCC,1.32220206014197
878,5401-94-5,[O-][N+](=O)c1ccc2[nH]ncc2c1,1.35964579267453
879,540-38-5,Oc1ccc(I)cc1,1.1869563354654
880,540-59-0,Cl\C=C\Cl,1.88077599428208
881,541-28-6,CC(C)CCI,0.651250964117949
882,54135-80-7,COc1ccc(Cl)c(Cl)c1Cl,-0.600329725273208
883,541-85-5,CCC(C)CC(=O)CC,1.60205999132795
884,542-18-7,ClC1CCCCC1,0.302979936748248
885,542-59-6,CC(=O)OCCO,2.03140846425161
886,542-85-8,CCN=C=S,-0.610201754371087
887,54406-48-3,CC\C=C(/C)C(OC(=O)C1C(C=C(C)C)C1(C)C)C#C,-2.40585222245678
888,544-25-2,C1C=CC=CC=C1,1.09340756222371
889,547-64-8,COC(=O)C(C)O,2.58225821453098
890,551-76-8,Cc1c(Cl)cc(Cl)c(O)c1Cl,0.484299839346785
891,55-21-0,NC(=O)c1ccccc1,2.51917146382165
892,552-41-0,COc1ccc(C(C)=O)c(O)c1,1.48642834280841
893,552-89-6,[O-][N+](=O)c1ccccc1C=O,0.961362019035508
894,554-12-1,CCC(=O)OC,2.65787829814996
895,555-16-8,[O-][N+](=O)c1ccc(C=O)cc1,0.703291378118658
896,5581-75-9,OC(=O)CCCCCc1ccccc1,1.43211903898617
897,558-17-8,CC(C)(C)I,-0.688246138944245
898,5598-52-7,CO[P](=O)(OC)Oc1nc(Cl)c(Cl)cc1Cl,-2.88975597909694
899,56108-12-4,CC(C)(C)c1ccc(cc1)C(N)=O,1.20276068739319
900,56348-72-2,Clc1ccc(Oc2ccc(Cl)c(Cl)c2)cc1Cl,-1.06905096883247
901,563-80-4,CC(C)C(C)=O,2.74313514439253
902,56-55-3,c1ccc2cc3c(ccc4ccccc34)cc2c1,-2.30102999566398
903,5663-96-7,CCCCCC#CC(O)=O,2.00891927136518
904,1378247,NA,1.00432137378263
905,5683-33-0,CN(C)c1ccccn1,1.80277372529196
906,56961-20-7,Oc1cc(Cl)c(Cl)c(Cl)c1O,0.2291697025391
907,570-24-1,Cc1cccc(c1N)[N+]([O-])=O,1.08457627793432
908,57057-83-7,COc1c(O)cc(Cl)c(Cl)c1Cl,-0.466856324965421
909,57-15-8,CC(C)(O)C(Cl)(Cl)Cl,1.82930377283101
910,571-61-9,Cc1cccc2c(C)cccc12,0.397940008672036
911,575-41-7,Cc1cc(C)c2ccccc2c1,-0.187804201575632
912,577-19-5,[O-][N+](=O)c1ccccc1Br,1.36172783601758
913,577-33-3,Oc1ccc2c(O)c3ccccc3cc2c1O,0.676693609624865
914,577-85-5,OC1=C(Oc2ccccc2C1=O)c3ccccc3,0.710110719892288
915,580-17-6,Nc1cnc2ccccc2c1,1.92867743779608
916,5813-64-9,CC(C)(C)CN,2.37566361396087
917,581-42-0,Cc1ccc2cc(C)ccc2c1,-0.791397220356067
918,581-43-1,Oc1ccc2cc(O)ccc2c1,1.25406445291432
919,582-17-2,Oc1ccc2ccc(O)cc2c1,0.946943270697818
920,58-22-0,C[C@]12CC[C@H]3[C@@H](CCC4=CC(=O)CC[C@]34C)[C@@H]1CC[C@@H]2O,0.161109647366958
921,1434432,NA,-2.10205999132796
922,58-27-5,CC1=CC(=O)c2ccccc2C1=O,-0.805937249763655
923,583-53-9,Brc1ccccc1Br,0.306425027550686
924,583-57-3,CC1CCCCC1C,0.0373047781638448
925,583-60-8,CC1CCCCC1=O,2.34544462169405
926,584-02-1,CCC(O)CC,2.6580113966571
927,585-34-2,CC(C)(C)c1cccc(O)c1,0.414973347970817
928,586-78-7,[O-][N+](=O)c1ccc(Br)cc1,1.63753976055707
929,586-95-8,OCc1ccncc1,3.06591193679973
930,586-98-1,OCc1ccccn1,3.19031908943777
931,589-09-3,C=CCNc1ccccc1,1.25406445291432
932,589-18-4,Cc1ccc(CO)cc1,2.278524964737
933,589-90-2,CC1CCC(C)CC1,0.264529366771413
934,590-01-2,CCCCOC(=O)CC,2.0606978403536
935,590-66-9,CC1(C)CCCCC1,0.50967676793767
936,591-21-9,CC1CCCC(C)C1,0.586195384873016
937,591-78-6,CCCCC(C)=O,2.33041377334918
938,591-80-0,OC(=O)CCC=C,2.72285517558691
939,5922-60-1,Nc1ccc(Cl)cc1C#N,1.15533603746505
940,592-46-1,C/C=C/C=C\C,0.999804479485698
941,592-82-5,CCCCN=C=S,-0.626294096056788
942,593-08-8,CCCCCCCCCCCC(C)=O,-0.744727494896693
943,594-20-7,CC(C)(Cl)Cl,1.34828739589822
944,597-43-3,CC(C)(CC(O)=O)C(O)=O,2.7738788711192
945,598-02-7,CCO[P](O)(=O)OCC,1.50799405269205
946,598-52-7,CNC(N)=S,0.718180727157238
947,598-74-3,CC(C)C(C)N,2.15228834438304
948,600-07-7,CCC(C)C(O)=O,3.22904265235382
949,600-36-2,CC(C)C(O)C(C)C,1.91115760873996
950,60-09-3,Nc1ccc(cc1)N=Nc2ccccc2,-0.263256514967715
951,603-83-8,Cc1c(N)cccc1[N+]([O-])=O,1.10852460742878
952,605-32-3,Oc1ccc2C(=O)c3ccccc3C(=O)c2c1,-1.53401999710931
953,60-54-8,CN(C)[C@H]1[C@@H]2C[C@H]3C(=C(O)c4c(O)cccc4[C@@]3(C)O)C(=O)[C@]2(O)C(=O)\C(=C(N)/O)C1=O,2.03386081194027
954,606-22-4,Nc1c(cccc1[N+]([O-])=O)[N+]([O-])=O,0.799340549453578
955,607-00-1,O=CN(c1ccccc1)c2ccccc2,1.1816014368138
956,607-34-1,[O-][N+](=O)c1cccc2ncccc12,1.55193769536482
957,607-81-8,CCOC(=O)C(Cc1ccccc1)C(=O)OCC,0.433769833924864
958,1530250,NA,3.11596201664653
959,609-23-4,Oc1c(I)cc(I)cc1I,-0.218244625347531
960,609-89-2,Oc1c(Cl)cc(Cl)cc1[N+]([O-])=O,-0.602059991327962
961,610-39-9,Cc1ccc(c(c1)[N+]([O-])=O)[N+]([O-])=O,0.0326964807809948
962,611-34-7,Nc1cccc2ncccc12,2.07293877152499
963,613-12-7,Cc1ccc2cc3ccccc3cc2c1,-1.31875876262441
964,613-31-0,C1c2ccccc2Cc3ccccc13,-0.55284196865778
965,613-45-6,COc1ccc(C=O)c(OC)c1,1.14759571843334
966,6146-52-7,[O-][N+](=O)c1ccc2[nH]ccc2c1,0.828337600058998
967,614-80-2,CC(=O)Nc1ccccc1O,1.32837403061193
968,615-36-1,Nc1ccccc1Br,1.09284433485205
969,615-65-6,Cc1ccc(N)c(Cl)c1,1.25647054114322
970,616-73-9,Cc1cc(O)c(cc1[N+]([O-])=O)[N+]([O-])=O,0.223579015671108
971,617-51-6,CC(C)OC(=O)C(C)O,2.72522348604347
972,6175-49-1,CCCCCCCCCCC(C)=O,-0.229147988357855
973,618-85-9,Cc1cc(cc(c1)[N+]([O-])=O)[N+]([O-])=O,1.20019105526739
974,6190-65-4,CC(C)Nc1nc(N)nc(Cl)n1,-0.322463004551608
975,619-15-8,Cc1cc(ccc1[N+]([O-])=O)[N+]([O-])=O,0.0216811390105637
976,619-24-9,[O-][N+](=O)c1cccc(c1)C#N,1.42984078815183
977,619-50-1,COC(=O)c1ccc(cc1)[N+]([O-])=O,1.07371448434931
978,619-72-7,[O-][N+](=O)c1ccc(cc1)C#N,1.23952839196719
979,619-80-7,NC(=O)c1ccc(cc1)[N+]([O-])=O,1.82282164530309
980,620-88-2,[O-][N+](=O)c1ccc(Oc2ccccc2)cc1,0.122215878272825
981,620-95-1,C(c1ccccc1)c2cccnc2,1.22685757028871
982,621-08-9,O=[S](Cc1ccccc1)Cc2ccccc2,1.60260252042024
983,621-42-1,CC(=O)Nc1cccc(O)c1,2.75204844781942
984,622-40-2,OCCN1CCOCC1,3.13193929521041
985,622-45-7,CC(=O)OC1CCCCC1,1.83228237248162
986,623-00-7,Brc1ccc(cc1)C#N,1.69337515102517
987,623-03-0,Clc1ccc(cc1)C#N,1.67797175281073
988,623-05-2,OCc1ccc(O)cc1,3.72015930340594
989,623-12-1,COc1ccc(Cl)cc1,0.410335072390339
990,623-25-6,ClCc1ccc(CCl)cc1,-1.4461667336407
991,623-91-6,CCOC(=O)\C=C\C(=O)OCC,0.413743315251738
992,625-53-6,CCNC(N)=S,0.852718023292618
993,625-86-5,Cc1oc(C)cc1,1.55083960506577
994,626-17-5,N#Cc1cccc(c1)C#N,1.17121134041109
995,626-60-8,Clc1cccnc1,2.49113748397801
996,626-62-0,IC1CCCCC1,0.546974275833286
997,626-64-2,O=C1C=CNC=C1,3.2641150666423
998,627-63-4,ClC(=O)\C=C\C(Cl)=O,1.47712125471965
999,628-76-2,ClCCCCCCl,1.11273962790247
1000,629-04-9,CCCCCCCBr,-0.133712660915805
1001,629-19-6,CCCSSCCC,0.117271295655763
1002,629-40-3,N#CCCCCCCC#N,2.42160392686982
1003,63-05-8,C[C@]12CC[C@H]3[C@@H](CCC4=CC(=O)CC[C@]34C)[C@@H]1CCC2=O,0.720159303405948
1004,631-64-1,OC(=O)C(Br)Br,1.69417947182526
1005,635-93-8,Oc1ccc(Cl)cc1C=O,-0.414539270491499
1006,1637174,NA,1.90243294295266
1007,644-64-4,CN(C)C(=O)Oc1cc(C)n(n1)C(=O)N(C)C,-2.22184874961635
1008,645-56-7,CCCc1ccc(O)cc1,0.740362689494238
1009,646-06-0,C1COCO1,3.65017687578384
1010,65-45-2,NC(=O)c1ccccc1O,1.70329137811865
1011,66-25-1,CCCCCC=O,1.04139268515821
1012,66-81-9,C[C@H]1C[C@H](C)C(=O)[C@@H](C1)[C@H](O)CC2CC(=O)NC(=O)C2,-0.154901959985743
1013,67-43-6,OC(=O)CN(CCN(CC(O)=O)CC(O)=O)CCN(CC(O)=O)CC(O)=O,2.16113678907574
1014,67-47-0,OCc1oc(C=O)cc1,1.36090530760626
1015,68-35-9,Nc1ccc(cc1)[S](=O)(=O)Nc2ncccn2,0.222399480332327
1016,683-72-7,NC(=O)C(Cl)Cl,2.08098704691087
1017,6876-23-9,C[C@H]1CCCC[C@@H]1C,0.386231350579524
1018,6921-29-5,C#CCN(CC#C)CC#C,2.17026171539494
1019,693-54-9,CCCCCCCCC(C)=O,0.342579316666656
1020,693-58-3,CCCCCCCCCBr,-0.567832730557411
1021,693-65-2,CCCCCOCCCCC,0.188871620177002
1022,693-93-6,Cc1cocn1,2.8419848045901
1023,69-53-4,CC1(C)S[C@@H]2[C@H](NC(=O)[C@H](N)c3ccccc3)C(=O)N2[C@H]1C(O)=O,1.80550085815839
1024,696-54-8,O=NC=C1C=CNC=C1,2.33266060027062
1025,6972-05-0,CN(C)C(N)=S,1.32221929473391
1026,7005-72-3,Clc1ccc(Oc2ccccc2)cc1,-0.317597450198837
1027,706-14-9,CCCCCCC1CCC(=O)O1,2.01169692926122
1028,70-69-9,CCC(=O)c1ccc(N)cc1,1.86332286012044
1029,708-76-9,COc1cc(O)c(C=O)c(OC)c1,0.185889033433109
1030,7209-38-3,NCCCN1CCN(CCCN)CC1,3.19033169817028
1031,72-48-0,Oc1ccc2C(=O)c3ccccc3C(=O)c2c1O,0.0171416626244118
1032,7292-16-2,CCCO[P](=O)(OCCC)Oc1ccc(SC)cc1,0.820315171763748
1033,7307-55-3,CCCCCCCCCCCN,-0.678645838293457
1034,2000503,NA,0.822821645303098
1035,7378-99-6,CCCCCCCCN(C)C,0.778151250383638
1036,738-70-5,COc1cc(Cc2cnc(N)nc2N)cc(OC)c1OC,1.42533630754665
1037,74-97-5,ClCBr,1.52504480703683
1038,75-08-1,CCS,-1.0705810742857
1039,75-18-3,CSC,0.854306041801078
1040,75-36-5,CC(Cl)=O,1.32221929473391
1041,7542-37-2,NC[C@@H]1O[C@H](O[C@H]2[C@@H](O)[C@@H](O[C@@H]2CO)O[C@@H]3[C@@H](O)[C@H](N)C[C@H](N)[C@H]3O[C@H]4O[C@H](CO)[C@@H](O)[C@H](O)[C@H]4N)[C@H](N)[C@@H](O)[C@@H]1O,-1.06812561725468
1042,75-97-8,CC(=O)C(C)(C)C,1.63848925695462
1043,760-23-6,ClCC(Cl)C=C,0.611670404043168
1044,76-29-9,CC1(C)C2CCC1(C)C(=O)C2Br,1.53466057582843
1045,764-01-2,CC#CCO,0.703291378118658
1046,764-13-6,CC(C)=CC=C(C)C,0.276461804173243
1047,766-51-8,COc1ccccc1Cl,0.598475960232533
1048,768-59-2,CCc1ccc(CO)cc1,1.75396586586515
1049,768-94-5,NC12CC3CC(CC(C3)C1)C2,1.18726641625402
1050,771-97-1,Nc1cc2ccccc2cc1N,1.43862144804538
1051,77458-01-6,CCCS[P](=O)(OCC)Oc1cnn(c1)c2ccc(Cl)cc2,-1.37131304113516
1052,776-35-2,C1Cc2ccccc2c3ccccc13,-0.67778070526608
1053,77-74-7,CCC(C)(O)CC,2.52633927738983
1054,77-78-1,CO[S](=O)(=O)OC,0.724546265559708
1055,78-27-3,OC1(CCCCC1)C#C,2.43352837355767
1056,78-51-3,CCCCOCCO[P](=O)(OCCOCCCC)OCCOCCCC,1.12413081864798
1057,78-88-6,ClCC(Cl)=C,1.75591269645868
1058,789-02-6,Clc1ccc(cc1)C(c2ccccc2Cl)C(Cl)(Cl)Cl,-1.82390874094431
1059,78-94-4,CC(=O)C=C,-1.20446769648675
1060,80-15-9,CC(C)(OO)c1ccccc1,0.784338527842678
1061,80-38-6,Clc1ccc(O[S](=O)(=O)c2ccccc2)cc1,0.534475158782536
1062,813-78-5,CO[P](O)(=O)OC,0.954242509439318
1063,81-61-8,Oc1ccc2C(=O)c3c(O)ccc(O)c3C(=O)c2c1O,0.587502081707232
1064,81-64-1,Oc1ccc(O)c2C(=O)c3ccccc3C(=O)c12,0.490852688478517
1065,818-61-1,OCCOC(=O)C=C,0.380211241711605
1066,821-55-6,CCCCCCCC(C)=O,0.880813592280788
1067,822-86-6,ClC1CCCCC1Cl,0.963787827345548
1068,825-44-5,O=[S]1(=O)C=Cc2ccccc12,0.845098040014248
1069,827-52-1,C1CCC(CC1)c2ccccc2,-0.560667306169737
1070,830-96-6,OC(=O)CCc1c[nH]c2ccccc12,0.829303772831018
1071,831-82-3,Oc1ccc(Oc2ccccc2)cc1,0.393575203269586
1072,83-34-1,Cc1c[nH]c2ccccc12,0.645422269349091
1073,83-66-9,COc1c(cc(c(C)c1[N+]([O-])=O)[N+]([O-])=O)C(C)(C)C,-0.508638306165727
1074,84-62-8,O=C(Oc1ccccc1)c2ccccc2C(=O)Oc3ccccc3,-1.39794000867203
1075,85-84-7,Nc1ccc2ccccc2c1N=Nc3ccccc3,-0.474423738776309
1076,86-53-3,N#Cc1cccc2ccccc12,0.560504415195055
1077,868-77-9,CC(=C)C(=O)OCCO,1.6155435602924
1078,87130-20-9,CCOc1ccc(NC(=O)OC(C)C)cc1OCC,0.442609912557552
1079,87-17-2,Oc1ccccc1C(=O)Nc2ccccc2,-0.680860225778084
1080,872-31-1,Brc1cscc1,0.490660653356135
1081,872-85-5,O=Cc1ccncc1,1.89580915016912
1082,873-63-2,OCc1cccc(Cl)c1,1.40241033936057
1083,873-75-6,OCc1ccc(Br)cc1,1.44669246637151
1084,873-76-7,OCc1ccc(Cl)cc1,1.60336092434837
1085,87-40-1,COc1c(Cl)cc(Cl)cc1Cl,-1.16279909357735
1086,874-42-0,Clc1ccc(C=O)c(Cl)c1,0.0722871038048078
1087,87-72-9,O[C@@H]1COC(O)[C@@H](O)[C@@H]1O,4.2753113545418
1088,877-65-6,CC(C)(C)c1ccc(CO)cc1,1.46568021159826
1089,87-91-2,CCOC(=O)C(O)C(O)C(=O)OCC,2.51188336097886
1090,88-04-0,Cc1cc(O)cc(C)c1Cl,-0.0861861476162842
1091,88-18-6,CC(C)(C)c1ccccc1O,0.0791812460476247
1092,882-33-7,S(Sc1ccccc1)c2ccccc2,-1.25963731050575
1093,88-44-8,Cc1ccc(N)c(c1)[S](O)(=O)=O,2.30403802250193
1094,88-68-6,NC(=O)c1ccccc1N,2.29556709996247
1095,89-60-1,Cc1ccc(Cl)c(c1)[N+]([O-])=O,0.793136001763088
1096,89-62-3,Cc1ccc(N)c(c1)[N+]([O-])=O,1.30978351889846
1097,89-63-4,Nc1ccc(Cl)cc1[N+]([O-])=O,0.235645855529468
1098,89-68-9,CC(C)c1cc(Cl)c(C)cc1O,-0.403402904373539
1099,89-72-5,CCC(C)c1ccccc1O,-0.187086643357145
1100,89-82-7,C[C@@H]1CCC(=C(C)C)C(=O)C1,1.08635983067473
1101,90-04-0,COc1ccccc1N,0.654815083712948
1102,90-05-1,COc1ccccc1O,1.11282762971378
1103,90-27-7,CCC(C(O)=O)c1ccccc1,2.64239880140192
1104,90-59-5,Oc1c(Br)cc(Br)cc1C=O,-0.371611069949688
1105,91-17-8,C1CCC2CCCCC2C1,0.0951693514317548
1106,91-63-4,Cc1ccc2ccccc2n1,0.909771967770928
1107,91-65-6,CCN(CC)C1CCCCC1,0.911720581867018
1108,91-88-3,CCN(CCO)c1cccc(C)c1,1.42242567637119
1109,924-41-4,OC(CC=C)C=C,1.27989498001162
1110,92-51-3,C1CCC(CC1)C2CCCCC2,-1.7569619513137
1111,927-74-2,OCCC#C,1.25647720624166
1112,92-82-0,c1ccc2nc3ccccc3nc2c1,0.987219229907998
1113,92-88-6,Oc1ccc(cc1)c2ccc(O)cc2,0.732009766334708
1114,928-96-1,CC\C=C/CCO,2.27989498001162
1115,93-04-9,COc1ccc2ccccc2c1,0.305351369446622
1116,934-32-7,Nc1[nH]c2ccccc2n1,1.78053332531639
1117,93-51-6,COc1cc(C)ccc1O,1.87506126339169
1118,93-71-0,ClCC(=O)N(CC=C)CC=C,0.202658482734264
1119,937-20-2,ClCC(=O)c1ccc(Cl)cc1,0.769589117510558
1120,93-78-7,CC(C)OC(=O)COc1cc(Cl)c(Cl)cc1Cl,-0.0581692824231911
1121,93-91-4,CC(=O)CC(=O)c1ccccc1,-0.259637310505756
1122,939-23-1,c1ccc(cc1)c2ccncc2,1.06613344784249
1123,941-98-0,CC(=O)c1cccc2ccccc12,0.60408626333356
1124,94-41-7,O=C(\C=C\c1ccccc1)c2ccccc2,0.645182797571256
1125,945-51-7,O=[S](c1ccccc1)c2ccccc2,1.63998424804157
1126,94-62-2,O=C(/C=C/C=C/c1ccc2OCOc2c1)N3CCCCC3,1.044864219852
1127,94-67-7,ON\C=C/1C=CC=CC1=O,0.20817252666712
1128,94-96-2,CCCC(O)C(CC)CO,2.5058132206639
1129,95-01-2,Oc1ccc(C=O)c(O)c1,0.845452536317528
1130,95-15-8,s1ccc2ccccc12,0.938637698833868
1131,95-16-9,s1cnc2ccccc12,1.50514997831989
1132,95-56-7,Oc1ccccc1Br,0.952137137810098
1133,95-68-1,Cc1ccc(N)c(C)c1,1.45171900139285
1134,95-75-0,Cc1ccc(Cl)c(Cl)c1,0.237986826059621
1135,95-84-1,Cc1ccc(O)c(N)c1,0.349688928943341
1136,95-88-5,Oc1ccc(Cl)c(O)c1,1.27016473739542
1137,96-05-9,CC(=C)C(=O)OCC=C,-0.305394801066431
1138,96-17-3,CCC(C)C=O,0.697665162647673
1139,962-58-3,CCO[P](=O)(OCC)Oc1cc(C)nc(n1)C(C)C,-0.818194010053927
1140,96-34-4,COC(=O)CCl,1.62324929039789
1141,96-41-3,OC1CCCC1,2.8474751169337
1142,97-11-0,CC(C)=CC1C(C(=O)OC2CC(=O)C(=C2C)C3CCC=C3)C1(C)C,-1.56066730616973
1143,97-63-2,CCOC(=O)C(C)=C,2.09691001300804
1144,97-99-4,OCC1CCCO1,3.25460126116554
1145,98-09-9,Cl[S](=O)(=O)c1ccccc1,0.17609125905568
1146,98-88-4,ClC(=O)c1ccccc1,1.60895564805633
1147,99-52-5,Cc1cc(ccc1N)[N+]([O-])=O,1.63698910181222
1148,99-61-6,[O-][N+](=O)c1cccc(C=O)c1,0.462397997898955
1149,99-71-8,CCC(C)c1ccc(O)cc1,-0.23877788324684
1150,99-89-8,CC(C)c1ccc(O)cc1,1.35993029611209
1151,99-92-3,CC(=O)c1ccc(N)cc1,0.397940008672036
1152,99-93-4,CC(=O)c1ccc(O)cc1,1.97543180850925
1153,999-61-1,CC(O)COC(=O)C=C,0.223404452205983
1154,99-97-8,CN(C)c1ccc(C)cc1,1.28532318868191
1155,100-02-7,Oc1ccc(cc1)[N+]([O-])=O,0.751042797154014
1156,10004-44-1,CC1=CC(=O)NO1,1.36551381714161
1157,100-17-4,COc1ccc(cc1)[N+]([O-])=O,1.25959928397216
1158,100-20-9,ClC(=O)c1ccc(cc1)C(Cl)=O,2.25526639615649
1159,100-21-0,OC(=O)c1ccc(cc1)C(O)=O,2.87217840293041
1160,100-25-4,[O-][N+](=O)c1ccc(cc1)[N+]([O-])=O,0.0129560763269597
1161,100-29-8,CCOc1ccc(cc1)[N+]([O-])=O,0.973607083712818
1162,100-37-8,CCN(CC)CCO,1.8891164943867
1163,100-46-9,NCc1ccccc1,1.70757017609792
1164,100-47-0,N#Cc1ccccc1,1.76127564188078
1165,10061-01-5,ClC\C=C/Cl,0.514171405427217
1166,100-61-8,CNc1ccccc1,1.14956298184827
1167,100-66-3,COc1ccccc1,1.5173591578464
1168,100784-20-1,COC(=O)c1c(Cl)nn(C)c1[S](=O)(=O)NC(=O)Nc2nc(OC)cc(OC)n2,-0.772169938078342
1169,101-27-9,ClCC#CCOC(=O)Nc1cccc(Cl)c1,-0.134300162867483
1170,101-42-8,CN(C)C(=O)Nc1ccccc1,0.526813109832946
1171,1014-69-3,CNc1nc(NC(C)C)nc(SC)n1,0.134400929160972
1172,1014-70-6,CCNc1nc(NCC)nc(SC)n1,-0.0823086472699748
1173,101-54-2,Nc1ccc(Nc2ccccc2)cc1,-0.0417410616390158
1174,101-72-4,CC(C)Nc1ccc(Nc2ccccc2)cc1,-0.051428949095873
1175,101-77-9,Nc1ccc(Cc2ccc(N)cc2)cc1,1.08744857303955
1176,101-83-7,C1CCC(CC1)NC2CCCCC2,0.604344066491041
1177,101-84-8,O(c1ccccc1)c2ccccc2,-0.101056288554018
1178,102-01-2,CC(=O)CC(=O)Nc1ccccc1,1.96502657437354
1179,102-06-7,NC(Nc1ccccc1)=Nc2ccccc2,0.629461022217498
1180,10222-01-2,NC(=O)C(Br)(Br)C#N,-0.127044962179201
1181,102-69-2,CCCN(CCC)CCC,1.40568778667276
1182,103112-35-2,CCOC(=O)c1nn(c2ccc(Cl)cc2Cl)c(n1)C(Cl)(Cl)Cl,-0.712358338777808
1183,103-65-1,CCCc1ccccc1,0.407701535490872
1184,103-69-5,CCNc1ccccc1,1.16400207394884
1185,103-82-2,OC(=O)Cc1ccccc1,1.43836417205065
1186,103-83-3,CN(C)Cc1ccccc1,1.27646180417323
1187,104-40-5,CCCCCCCCCc1ccc(O)cc1,-1.24029558905564
1188,104-75-6,CCCCC(CC)CN,0.648325209546997
1189,104-88-1,Clc1ccc(C=O)cc1,0.734610065861038
1190,104-93-8,COc1ccc(C)cc1,1.66825468806246
1191,105-37-3,CCOC(=O)CC,1.95784876303017
1192,105-38-4,CCC(=O)OC=C,1.49413062367731
1193,10552-74-6,CC(C)OC(=O)c1cc(cc(c1)[N+]([O-])=O)C(=O)OC(C)C,-0.152885390869841
1194,105-53-3,CCOC(=O)CC(=O)OCC,1.73856995840317
1195,105-54-4,CCCC(=O)OCC,2.28280951359919
1196,105-59-9,CN(CCO)CCO,2.28250911482399
1197,105-75-9,CCCCOC(=O)\C=C\C(=O)OCCCC,-0.464751209524989
1198,105-76-0,CCCCOC(=O)\C=C/C(=O)OCCCC,0.52887577055523
1199,105-99-7,CCCCOC(=O)CCCCC(=O)OCCCC,0.464426671450242
1200,106-24-1,CC(C)=CCC\C(C)=C\CO,0.265586594904563
1201,106-42-3,Cc1ccc(C)cc1,0.881425567646863
1202,106-43-4,Cc1ccc(Cl)cc1,0.727343623008468
1203,106-44-5,Cc1ccc(O)cc1,0.899138197270857
1204,106-48-9,Oc1ccc(Cl)cc1,0.601131406249811
1205,106-49-0,Cc1ccc(N)cc1,1.35927650956882
1206,107-07-3,OCCCl,1.18180275135613
1207,107-10-8,CCCN,2.44324536258623
1208,107-11-9,NCC=C,1.1881778815165
1209,107-15-3,NCCN,1.37824761472603
1210,107-22-2,O=CC=O,2.42430761169123
1211,107-31-3,COC=O,2.09045762295245
1212,107-41-5,CC(O)CC(C)(C)O,3.62487941003956
1213,107-49-3,CCO[P](=O)(OCC)O[P](=O)(OCC)OCC,-0.275603934510644
1214,107-86-8,CC(C)=CC=O,0.939388119217224
1215,107-92-6,CCCC(O)=O,2.04456368306419
1216,107-93-7,C/C=C/C(O)=O,3.03976325430006
1217,107-94-8,OC(=O)CCCl,2.28540860297907
1218,1081-34-1,s1cccc1c2sc(cc2)c3sccc3,-2.35927725597776
1219,108-18-9,CC(C)NC(C)C,1.99265689740728
1220,108-21-4,CC(C)OC(C)=O,2.39896787114071
1221,108-24-7,CC(=O)OC(C)=O,2.27202726004068
1222,108-32-7,CC1COC(=O)O1,2.69759009345708
1223,108-38-3,Cc1cccc(C)c1,0.839530696628977
1224,108-42-9,Nc1cccc(Cl)c1,0.692300298126311
1225,108-43-0,Oc1cccc(Cl)c1,0.700243443754178
1226,108-59-8,COC(=O)CC(=O)OC,1.65003737870322
1227,108-67-8,Cc1cc(C)cc(C)c1,0.894787738800008
1228,108-68-9,Cc1cc(C)cc(O)c1,1.19263004851946
1229,108-70-3,Clc1cc(Cl)cc(Cl)c1,0.194349363004582
1230,108-80-5,O=C1NC(=O)NC(=O)N1,2.18967651724821
1231,108-83-8,CC(C)CC(=O)CC(C)C,1.81049174929545
1232,108-85-0,BrC1CCCCC1,0.464984053412429
1233,108-86-1,Brc1ccccc1,0.270882005411038
1234,108-93-0,OC1CCCCC1,2.42962162519828
1235,109-00-2,Oc1cccnc1,2.33512678794209
1236,109-46-6,CCCCNC(=S)NCCCC,0.584679337888291
1237,109-52-4,CCCCC(O)=O,1.70841924071868
1238,109-53-5,CC(C)COC=C,2.38791306571383
1239,109-55-7,CN(C)CCCN,1.60308998088354
1240,109-57-9,NC(=S)NCC=C,2.73163911872807
1241,109-60-4,CCCOC(C)=O,2.18700510284907
1242,109-73-9,CCCCN,1.76075582604052
1243,109-76-2,NCCCN,2.77451696572854
1244,109-77-3,N#CCC#N,-0.143485732783631
1245,109-83-1,CNCCO,1.40014599125506
1246,109-89-7,CCNCC,1.79354435664566
1247,109-92-2,CCOC=C,2.45331565533756
1248,109-97-7,[nH]1cccc1,2.02118929906992
1249,110-12-3,CC(C)CCC(C)=O,2.32242240014366
1250,110-15-6,OC(=O)CCC(O)=O,2.2720737875
1251,110-16-7,OC(=O)\C=C\C(O)=O,1.55445721577497
1252,110-17-8,OC(=O)\C=C\C(O)=O,1.77776791748549
1253,110-19-0,CC(C)COC(C)=O,2.30968859642991
1254,110488-70-5,COc1ccc(cc1OC)C(=C\C(=O)N2CCOCC2)/c3ccc(Cl)cc3,0.989494316184645
1255,110-58-7,CCCCCN,1.82969204450667
1256,110-63-4,OCCCCO,2.89556272313499
1257,110-65-6,OCC#CCO,1.78119500651692
1258,110-83-8,C1CCC=CC1,1.47126792862465
1259,110-88-3,C1OCOCO1,3.77992414668015
1260,110-91-8,C1COCCN1,1.8708187199835
1261,110-93-0,CC(C)=CCCC(C)=O,1.71583659777003
1262,110-96-3,CC[C@H](C)[NH2+][C@H](C)CC,1.53617091075865
1263,111-14-8,CCCCCCC(O)=O,1.80565157262447
1264,111-15-9,CCOCCOC(C)=O,1.84722899277458
1265,111-26-2,CCCCCCN,1.13426033165703
1266,111-27-3,CCCCCCO,1.99436282589494
1267,111-29-5,OCCCCCO,2.74147901249837
1268,111-40-0,NCCNCCN,1.98279713091286
1269,111-41-1,NCCNCCO,2.11306982371686
1270,111-42-2,OCCNCCO,2.08292089256949
1271,111479-05-1,CC(Oc1ccc(Oc2cnc3cc(Cl)ccc3n2)cc1)C(=O)OCCON=C(C)C,-0.727397489903918
1272,111-48-8,OCCSCCO,2.85389306860451
1273,1115-20-4,CC(C)(CO)COC(=O)C(C)(C)CO,2.80308395498522
1274,111-69-3,N#CCCCCC#N,2.56243595962392
1275,111-70-6,CCCCCCCO,1.49501335134729
1276,111-77-3,COCCOCCO,3.022316411294
1277,111-86-4,CCCCCCCCN,-0.271802889257475
1278,111-87-5,CCCCCCCCO,1.20730402736792
1279,111-90-0,CCOCCOCCO,3.83123693648013
1280,111-92-2,CCCCNCCCC,0.782823120414691
1281,111991-09-4,COc1cc(OC)nc(NC(=O)N[S](=O)(=O)c2ncccc2C(=O)N(C)C)n1,1.61616567269678
1282,112-05-0,CCCCCCCCC(O)=O,1.28935195131118
1283,112-07-2,CCCCOCCOC(C)=O,1.88388605003239
1284,112-24-3,NCCNCCNCCN,1.4994218422942
1285,112-25-4,CCCCCCOCCO,1.80964049272547
1286,1122-58-3,CN(C)c1cc[nH+]cc1,2.42085478115423
1287,112-30-1,CCCCCCCCCCO,0.362512937058399
1288,112-34-5,CCCCOCCOCCO,3.20057996939007
1289,112-35-6,COCCOCCOCCO,3.14152181806251
1290,112-42-5,CCCCCCCCCCCO,-0.0152705929439982
1291,112-53-8,CCCCCCCCCCCCO,0.101752623206059
1292,112-56-1,CCCCOCCOCCSC#N,0.426259630261686
1293,112-57-2,NCCNCCNCCNCCN,1.24878987794478
1294,112-60-7,OCCOCCOCCOCCO,2.97124639904717
1295,1126-79-0,CCCCOc1ccccc1,0.201229258689864
1296,1129-41-5,CNC(=O)Oc1cccc(C)c1,0.853112181351418
1297,113136-77-9,OC(=O)C1CC1C(=O)Nc2ccc(Cl)cc2Cl,-0.0263420227081418
1298,1134-23-2,CCSC(=O)N(CC)C1CCCCC1,0.219791179652953
1299,114311-32-9,COCc1cnc(C2=NC(C)(C(C)C)C(=O)N2)c(c1)C(O)=O,0.729992146152857
1300,115-18-4,CC(C)(O)C=C,2.63470062887858
1301,115-19-5,CC(C)(O)C#C,2.96601055077533
1302,115-20-8,OCC(Cl)(Cl)Cl,2.1338740158155
1303,115-86-6,O=[P](Oc1ccccc1)(Oc2ccccc2)Oc3ccccc3,-0.23379102097038
1304,116-02-9,CC1CC(O)CC(C)(C)C1,1.42346247079057
1305,116255-48-2,Clc1ccc(c(Cl)c1)C2(CC(Br)CO2)Cn3cncn3,-0.596237938310497
1306,118-79-6,Oc1c(Br)cc(Br)cc1Br,-0.402500311857169
1307,118-95-6,CC(C)c1cc(cc(c1O)[N+]([O-])=O)[N+]([O-])=O,-0.437699017556563
1308,119-12-0,CCO[P](=S)(OCC)OC1=NN(C(=O)C=C1)c2ccccc2,-0.0166041512501382
1309,119446-68-3,CC1COC(Cn2cncn2)(O1)c3ccc(Oc4ccc(Cl)cc4)cc3Cl,-0.468544964723511
1310,1194-65-6,Clc1cccc(Cl)c1C#N,0.277423782816568
1311,119-61-9,O=C(c1ccccc1)c2ccccc2,0.185154211284982
1312,119-64-2,C1CCc2ccccc2C1,0.724867585082046
1313,119-65-3,c1ccc2cnccc2c1,1.28241500491151
1314,1198-55-6,Oc1c(O)c(Cl)c(Cl)c(Cl)c1Cl,-0.511135598604617
1315,120-18-3,O[S](=O)(=O)c1ccc2ccccc2c1,2.06379749071503
1316,1204-21-3,COc1ccc(OC)c(c1)C(=O)CBr,-1.23006664225595
1317,120-92-3,O=C1CCCC1,2.95310455646093
1318,120-94-5,CN1CCCC1,0.726261765443658
1319,121-21-1,CC(C)=C[C@@H]1[C@@H](C(=O)O[C@H]2CC(=O)C(=C2C)C\C=C/C=C)C1(C)C,-0.812399186054901
1320,121-33-5,COc1cc(C=O)ccc1O,1.25323571426721
1321,121-34-6,COc1cc(ccc1O)C(O)=O,1.3863224562013
1322,1214-39-7,C(Nc1ncnc2nc[nH]c12)c3ccccc3,1.12102920631484
1323,121552-61-2,Cc1cc(nc(Nc2ccccc2)n1)C3CC3,-0.174615378570005
1324,121-57-3,Nc1ccc(cc1)[S](O)(=O)=O,1.80579011753558
1325,121-73-3,[O-][N+](=O)c1cccc(Cl)c1,0.507748665980903
1326,121-82-4,[O-][N+](=O)N1CN(CN(C1)[N+]([O-])=O)[N+]([O-])=O,0.578379035572562
1327,121-87-9,Nc1ccc(cc1Cl)[N+]([O-])=O,0.589127937189013
1328,122-88-3,OC(=O)COc1ccc(Cl)cc1,1.87506126339169
1329,122931-48-0,CC[S](=O)(=O)c1cccnc1[S](=O)(=O)NC(=O)Nc2nc(OC)cc(OC)n2,0.276700639069298
1330,122-99-6,OCCOc1ccccc1,2.22698007060903
1331,123-05-7,CCCCC(CC)C=O,0.861627660747251
1332,123-07-9,CCc1ccc(O)cc1,0.957679033739538
1333,123-30-8,Nc1ccc(O)cc1,-0.606423954240232
1334,123312-89-0,CC1=NNC(=O)N(C1)\N=C\c2cccnc2,1.38502997652916
1335,123-38-6,CCC=O,1.4979282609163
1336,123-42-2,CC(=O)CC(C)(C)O,3.00236630294205
1337,123-51-3,CC(C)CCO,2.38926371367206
1338,123-54-6,CC(=O)CC(C)=O,2.00825528373151
1339,123-72-8,CCCC=O,1.73317499175127
1340,123-86-4,CCCCOC(C)=O,1.85594652853739
1341,124-02-7,C=CCNCC=C,1.07619518248953
1342,124-04-9,OC(=O)CCCCC(O)=O,2.36310878089708
1343,124-07-2,CCCCCCCC(O)=O,1.8922037631738
1344,124-09-4,NCCCCCCN,1.63216246184304
1345,1241-94-7,CCCCC(CC)CO[P](=O)(Oc1ccccc1)Oc2ccccc2,-0.716439254692986
1346,124-22-1,CCCCCCCCCCCCN,-1.45110769823841
1347,124-40-3,CNC,1.70048888856456
1348,124-68-5,CC(C)(N)CO,2.06816158657685
1349,126-11-4,OCC(CO)(CO)[N+]([O-])=O,1.83347977899956
1350,126-22-7,CCCC(=O)OC(C(Cl)(Cl)Cl)[P](=O)(OC)OC,0.324419590326576
1351,126-30-7,CC(C)(CO)CO,2.60836015067317
1352,126-33-0,O=[S]1(=O)CCCC1,2.32928285640917
1353,126-71-6,CC(C)CO[P](=O)(OCC(C)C)OCC(C)C,1.01755256346383
1354,12771-68-5,COc1ccc(cc1)C(O)(C2CC2)c3cncnc3,0.880614888653134
1355,130-15-4,O=C1C=CC(=O)c2ccccc12,-1.02088651286251
1356,13067-93-1,CCO[P](=S)(Oc1ccc(cc1)C#N)c2ccccc2,-0.258098224351714
1357,131-11-3,COC(=O)c1ccccc1C(=O)OC,1.74520437641962
1358,13181-17-4,[O-][N+](=O)c1ccc(ONC=C2C=C(Br)C(=O)C(=C2)Br)c(c1)[N+]([O-])=O,-0.540066220363242
1359,131860-33-8,CO\C=C(C(=O)OC)/c1ccccc1Oc2cc(Oc3ccccc3C#N)ncn2,-0.458241377328408
1360,132-64-9,o1c2ccccc2c3ccccc13,0.0776869125050038
1361,132-65-0,s1c2ccccc2c3ccccc13,-0.81931061133147
1362,13360-45-7,CON(C)C(=O)Nc1ccc(Br)c(Cl)c1,0.220478170126285
1363,13411-16-0,OCc1cccc(/C=C/c2oc(cc2)[N+]([O-])=O)n1,0.271705270338126
1364,134-20-3,COC(=O)c1ccccc1N,0.992498036253718
1365,135158-54-2,CSC(=O)c1cccc2nnsc12,0.025987963683448
1366,135-19-3,Oc1ccc2ccccc2c1,0.286834218344356
1367,13674-84-5,CC(CCl)O[P](=O)(OC(C)CCl)OC(C)CCl,1.50659490594285
1368,13684-56-5,CCOC(=O)Nc1cccc(OC(=O)Nc2ccccc2)c1,-0.64954490908666
1369,138-22-7,CCCCOC(=O)C(C)O,2.09344075173967
1370,13826-35-2,OCc1cccc(Oc2ccccc2)c1,0.742057863807268
1371,140-31-8,NCCN1CCNCC1,2.379944742285
1372,140-66-9,CC(C)(C)CC(C)(C)c1ccc(O)cc1,-0.764017340147907
1373,141-10-6,CC(C)=CCC\C(C)=C\C=C\C(C)=O,0.250327252046226
1374,141-32-2,CCCCOC(=O)C=C,0.696073766394684
1375,141-43-5,NCCO,2.17015686396241
1376,141776-32-1,CC[S](=O)(=O)c1nc2ccccn2c1[S](=O)(=O)NC(=O)Nc3nc(OC)cc(OC)n3,0.714250229457768
1377,141-82-2,OC(=O)CC(O)=O,2.00668198077898
1378,141-97-9,CCOC(=O)CC(C)=O,2.3738731274237
1379,1420-06-0,C1CN(CCO1)C(c2ccccc2)(c3ccccc3)c4ccccc4,-1.07856042849977
1380,1420-07-1,CC(C)(C)c1cc(cc(c1O)[N+]([O-])=O)[N+]([O-])=O,-1.1884142713125
1381,14214-32-5,COc1ccc(Oc2ccc(NC(=O)N(C)C)cc2)cc1,0.268768351107771
1382,142-28-9,ClCCCCl,1.75059149336527
1383,142-62-1,CCCCCC(O)=O,1.98339074659109
1384,142-84-7,CCCNCCC,0.952129287731812
1385,143-07-7,CCCCCCCCCCCC(O)=O,1.13963765778986
1386,143-08-8,CCCCCCCCCO,0.649168198574904
1387,14321-27-8,CCNCc1ccccc1,1.45560611258185
1388,143-22-6,CCCCOCCOCCOCCO,2.66171539017438
1389,143-27-1,CCCCCCCCCCCCCCCCN,-2.50218240270122
1390,14437-17-3,COC(=O)C(Cl)Cc1ccc(Cl)cc1,-2.24332291543864
1391,144-62-7,OC(=O)C(O)=O,2.59991004393076
1392,14816-20-7,CCO[P](=S)(OCC)O/N=C(C#N)/c1ccccc1Cl,-2.45727183064219
1393,14938-35-3,CCCCCc1ccc(O)cc1,0.122059369555674
1394,149-57-5,CCCCC(CC)C(O)=O,1.8466764029179
1395,152-16-9,CN(C)[P](=O)(O[P](=O)(N(C)C)N(C)C)N(C)C,2.33006780449196
1396,15271-41-7,CNC(=O)O\N=C1/[C@@H](Cl)C2C[C@H](C#N)C1C2,-0.0634727332948942
1397,15545-48-9,CN(C)C(=O)Nc1ccc(C)c(Cl)c1,0.861940790320032
1398,1570-64-5,Cc1cc(Cl)ccc1O,0.370352422422914
1399,1570-65-6,Cc1cc(Cl)cc(Cl)c1O,-0.11517319359866
1400,15950-66-0,Oc1ccc(Cl)c(Cl)c1Cl,0.0627182412529123
1401,15972-60-8,CCc1cccc(CC)c1N(COC)C(=O)CCl,-0.45480579704703
1402,16022-69-8,OCc1c(Cl)c(Cl)c(Cl)c(Cl)c1Cl,-0.0776147113059401
1403,16079-88-2,CC1(C)N(Br)C(=O)N(Cl)C1=O,1.19271986357052
1404,161050-58-4,COc1cccc(C(=O)NN(C(=O)c2cc(C)cc(C)c2)C(C)(C)C)c1C,-0.279898115367031
1405,16118-49-3,CCNC(=O)[C@H](C)OC(=O)Nc1ccccc1,0.955821663862588
1406,16484-77-8,C[C@@H](Oc1ccc(Cl)cc1C)C(O)=O,1.66568192054953
1407,1663-39-4,CC(C)(C)OC(=O)C=C,1.65861347559594
1408,1689-83-4,Oc1c(I)cc(cc1I)C#N,-0.00641222746752018
1409,1698-53-9,ClC1=C(Cl)C(=O)N(N=C1)c2ccccc2,-0.318649784663725
1410,1698-60-8,NC1=C(Cl)C(=O)N(N=C1)c2ccccc2,0.322332776896878
1411,1702-17-6,OC(=O)c1nc(Cl)ccc1Cl,1.47043817611414
1412,1724-39-6,OC1CCCCCCCCCCC1,0.370595068387047
1413,1738-25-6,CN(C)CCC#N,2.25820743668463
1414,1745-81-9,Oc1ccccc1CC=C,0.847661353039723
1415,1746-81-2,CON(C)C(=O)Nc1ccc(Cl)cc1,0.00297084024471862
1416,1758-73-2,NC(=N)[S](O)=O,1.95968237103822
1417,17606-31-4,CN(C)C(CS[S](=O)(=O)c1ccccc1)CS[S](=O)(=O)c2ccccc2,1.02497449991688
1418,17796-82-6,O=C1N(SC2CCCCC2)C(=O)c3ccccc13,-0.13894764912369
1419,18181-70-9,CO[P](=S)(OC)Oc1cc(Cl)c(I)cc1Cl,-1.08938889577261
1420,1821-12-1,OC(=O)CCCc1ccccc1,1.89175973657076
1421,1836-77-7,[O-][N+](=O)c1ccc(Oc2c(Cl)cc(Cl)cc2Cl)cc1,0.00500865701352129
1422,18467-77-1,CC1(C)OCC2OC3(OC(C)(C)OC3C2O1)C(O)=O,2.78122375855747
1423,18530-56-8,CN(C)C(=O)NC1CC2CC1C3CCCC23,0.817776979566158
1424,18691-97-9,CNC(=O)N(C)c1sc2ccccc2n1,0.0949496363631121
1425,18854-01-8,CCO[P](=S)(OCC)Oc1cc(on1)c2ccccc2,-0.0364786681107792
1426,1912-26-1,CCNc1nc(Cl)nc(n1)N(CC)CC,0.159496593241256
1427,1918-18-9,COC(=O)Nc1ccc(Cl)c(Cl)c1,0.445251411752893
1428,1929-73-3,CCCCOCCOC(=O)COc1ccc(Cl)cc1Cl,0.0810705824781601
1429,1929-82-4,Clc1cccc(n1)C(Cl)(Cl)Cl,0.0778677991301338
1430,1967-16-4,CC(OC(=O)Nc1cccc(Cl)c1)C#C,0.925607634111378
1431,1982-47-4,CN(C)C(=O)Nc1ccc(Oc2ccc(Cl)cc2)cc1,-0.388524181458234
1432,1982-49-6,CC1CCCCC1NC(=O)Nc2ccccc2,0.369561463371151
1433,19937-59-8,COc1ccc(NC(=O)N(C)C)cc1Cl,2.19425419825933
1434,2008-58-4,NC(=O)c1c(Cl)cccc1Cl,2.14370826238639
1435,20120-33-6,CO[P](=O)(CCC(=O)NCO)OC,2.23355090471471
1436,2016-57-1,CCCCCCCCCCN,-0.3797253758587
1437,2032-59-9,CNC(=O)Oc1ccc(N(C)C)c(C)c1,-0.255162647182206
1438,2051-60-7,Clc1ccccc1c2ccccc2,-0.176625833541072
1439,2051-61-8,Clc1cccc(c1)c2ccccc2,-0.0552932529531182
1440,2051-62-9,Clc1ccc(cc1)c2ccccc2,-0.394839625954095
1441,2079-00-7,CN(CCC(N)CC(=O)N[C@H]1C=C[C@@H](O[C@@H]1C(O)=O)N2C=CC(=NC2=O)N)C(N)=N,0.28115661880426
1442,21564-17-0,N#CSCSc1sc2ccccc2n1,-1.62037645283256
1443,96639,NA,-0.486631421244686
1444,22248-79-9,CO[P](=O)(OC)OC(=C/Cl)/c1cc(Cl)c(Cl)cc1Cl,-0.757521925079744
1445,2270-20-4,OC(=O)CCCCc1ccccc1,1.76479056244407
1446,22936-75-0,CCNc1nc(NC(C)C(C)C)nc(SC)n1,0.495770304154882
1447,229-87-8,c1ccc2c(c1)cnc3ccccc23,-0.196105641623486
1448,230-27-3,c1ccc2c(c1)ccc3cccnc23,-0.152649788301131
1449,2303-25-5,Cc1cccc(Oc2ccc(cc2)[N+]([O-])=O)c1,0.691781426423977
1450,151456,NA,0.726557283666288
1451,23184-66-9,CCCCOCN(C(=O)CCl)c1c(CC)cccc1CC,-0.480153229547019
1452,23560-59-0,CO[P](=O)(OC)OC1=C(Cl)C2C=CCC12,-0.574223931094512
1453,23947-60-6,CCCCC1=C(C)NC(=NC1=O)NCC,1.36876689294257
1454,2402-79-1,Clc1cc(Cl)c(Cl)nc1Cl,0.232811736551907
1455,24151-93-7,CCCO[P](=S)(OCCC)SCC(=O)N1CCCCC1C,0.527725548390176
1456,2416-94-6,Cc1ccc(C)c(O)c1C,0.798663661066794
1457,192034,NA,0.381152166669094
1458,2425-66-3,CC(CCl)[N+]([O-])=O,-0.870044508307707
1459,2439-35-2,CN(C)CCOC(=O)C=C,0.548539766816072
1460,24549-06-2,CCc1cccc(C)c1N,0.931083054591533
1461,24602-86-6,CCCCCCCCCCCCCN1CC(C)OC(C)C1,-1.19330989821498
1462,2460-49-3,COc1cc(Cl)c(Cl)cc1O,-0.161723965982812
1463,2463-84-5,CO[P](=S)(OC)Oc1ccc(cc1Cl)[N+]([O-])=O,-0.933242853116466
1464,2464-37-1,OC(=O)C1(O)c2ccccc2c3ccc(Cl)cc13,-0.305141240688556
1465,24934-91-6,CCO[P](=S)(OCC)SCCl,-0.622617432058066
1466,25265-77-4,CC(C)C(O)C(C)(C)COC(=O)C(C)C,1.4349636928248
1467,25339-17-7,CC(C)CCCCCCCO,0.42929549943409
1468,253-52-1,c1ccc2cnncc2c1,2.0876677048054
1469,2539-17-5,COc1c(O)c(Cl)c(Cl)c(Cl)c1Cl,-0.593366712284769
1470,2545-59-7,CCCCOCCOC(=O)COc1cc(Cl)c(Cl)cc1Cl,-0.218087407767906
1471,2581-34-2,Cc1cc(O)ccc1[N+]([O-])=O,0.73599701981226
1472,25875-51-8,N/C(N\N=C\c1ccc(Cl)cc1)=N\N=C\c2ccc(Cl)cc2,-1.09477761813762
1473,2593-15-9,CCOc1snc(n1)C(Cl)(Cl)Cl,-0.28114440530859
1474,26087-47-8,CC(C)O[P](=O)(OC(C)C)SCc1ccccc1,0.66057737166923
1475,260-94-6,c1ccc2nc3ccccc3cc2c1,-0.356426747886593
1476,26225-79-6,CCOC1Oc2ccc(O[S](C)(=O)=O)cc2C1(C)C,0.692540810223111
1477,26259-45-0,CCNc1nc(NC(C)CC)nc(OC)n1,1.17269522247898
1478,2631-40-5,CNC(=O)Oc1ccccc1C(C)C,0.20051495123272
1479,2634-33-5,O=C1NSc2ccccc12,0.0742765376213959
1480,2642-71-9,CCO[P](=S)(OCC)SCN1N=Nc2ccccc2C1=O,-1.98130294890663
1481,26489-01-0,C[C@H](CCO)CCC=C(C)C,0.591466453410464
1482,26530-20-1,CCCCCCCCN1SC=CC1=O,-1.36809407012017
1483,2668-24-8,COc1cc(Cl)c(Cl)c(Cl)c1O,-0.338512613027579
1484,2686-99-9,CNC(=O)Oc1cc(C)c(C)c(C)c1,-1.35457586642628
1485,27458-92-0,CC(C)CCCCCCCCCCO,-0.285724370480751
1486,275-51-4,c1ccc2cccc2cc1,0.488614900602887
1487,2782-91-4,CN(C)C(=S)N(C)C,2.31046130645036
1488,2797-51-5,NC1=C(Cl)C(=O)c2ccccc2C1=O,-0.325908707907957
1489,280-57-9,C1CN2CCN1CC2,2.9370161074648
1490,2809-21-4,CC(O)([P](O)(O)=O)[P](O)(O)=O,1.65841259038394
1491,2813-95-8,CCC(C)c1cc(cc(c1OC(C)=O)[N+]([O-])=O)[N+]([O-])=O,-1.65690260342564
1492,28159-98-0,CSc1nc(NC2CC2)nc(NC(C)(C)C)n1,-1.91193917417611
1493,28434-00-6,CC(C)=CC1C(C(=O)OC2CC(=O)C(=C2C)CC=C)C1(C)C,-1.9500121941341
1494,288-32-4,[nH]1ccnc1,1.70320680408053
1495,29104-30-1,CCN(OC(=O)c1ccccc1)C(=O)c2c(OC)ccc(Cl)c2OC,0.759887894338448
1496,299-85-4,CO[P](=S)(NC(C)C)Oc1ccc(Cl)cc1Cl,-1.68427327063549
1497,301-12-2,CC[S](=O)CCS[P](=O)(OC)OC,0.193879207972201
1498,3060-89-7,CON(C)C(=O)Nc1ccc(Br)cc1,1.16191063926378
1499,3064-70-8,ClC(Cl)(Cl)[S](=O)(=O)C(Cl)(Cl)Cl,-1.20171332111762
1500,306-52-5,O[P](O)(=O)OCC(Cl)(Cl)Cl,0.915778625441028
1501,311-45-5,CCO[P](=O)(OCC)Oc1ccc(cc1)[N+]([O-])=O,-1.82063228178104
1502,31218-83-4,CCN[P](=S)(OC)OC(/C)=C\C(=O)OC(C)C,-0.860528001557355
1503,314-40-9,CCC(C)N1C(=O)NC(=C(Br)C1=O)C,0.700051367329614
1504,319-86-8,ClC1C(Cl)C(Cl)C(Cl)C(Cl)C1Cl,-0.205582354036645
1505,3209-22-1,[O-][N+](=O)c1cccc(Cl)c1Cl,0.33565994397674
1506,3244-90-4,CCCO[P](=S)(OCCC)O[P](=S)(OCCC)OCCC,-1.88193320151111
1507,3268-49-3,CSCCC=O,0.779002047846514
1508,327-98-0,CCO[P](=S)(CC)Oc1cc(Cl)c(Cl)cc1Cl,-1.74568653593461
1509,329-71-5,Oc1cc(ccc1[N+]([O-])=O)[N+]([O-])=O,0.225309281725861
1510,33125-97-2,CCOC(=O)c1cncn1C(C)c2ccccc2,-0.265727533900672
1511,33213-65-9,ClC1=C(Cl)C2(Cl)[C@@H]3CO[S](=O)OC[C@@H]3[C@@]1(Cl)C2(Cl)Cl,-1.95999198209387
1512,334-48-5,CCCCCCCCCC(O)=O,1.00125740411867
1513,33629-47-9,CCC(C)Nc1c(cc(cc1[N+]([O-])=O)C(C)(C)C)[N+]([O-])=O,-1.12970294702369
1514,33693-04-8,CCNc1nc(NC(C)(C)C)nc(OC)n1,0.945533615684718
1515,3383-96-8,CO[P](=S)(OC)Oc1ccc(Sc2ccc(O[P](=S)(OC)OC)cc2)cc1,-1.45995454520236
1516,3397-62-4,Nc1nc(N)nc(Cl)n1,0.924462322954358
1517,34123-59-6,CC(C)c1ccc(NC(=O)N(C)C)cc1,-0.776641163457044
1518,34256-82-1,CCOCN(C(=O)CCl)c1c(C)cccc1CC,-0.405140696331114
1519,34643-46-4,CCCS[P](=S)(OCC)Oc1ccc(Cl)cc1Cl,-0.174036715206786
1520,34681-10-2,CNC(=O)O\N=C(\C)C(C)SC,1.02077524059882
1521,34681-23-7,CNC(=O)O\N=C(/C)C(C)[S](C)(=O)=O,1.4231223291362
1522,3478-94-2,CC1CCCCN1CCCOC(=O)c2ccc(Cl)c(Cl)c2,0.0634438993900968
1523,35575-96-3,CO[P](=O)(OC)SCN1C(=O)Oc2cc(Cl)cnc12,-0.453660329604136
1524,35691-65-7,BrCC(Br)(CCC#N)C#N,0.433924911535009
1525,357-57-3,COc1cc2N3C4[C@@H]5C(CC3=O)OCC=C6CN7CC[C@]4([C@@H]7C[C@H]56)c2cc1OC,1.12763625255164
1526,36335-67-8,CCO[P](=S)(NC(C)CC)Oc1cc(C)ccc1[N+]([O-])=O,-0.306977051526518
1527,3698-83-7,[O-][N+](=O)c1cc(c(Cl)cc1Cl)[N+]([O-])=O,-1.43634374821579
1528,3739-38-6,[O-]C(=O)c1cccc(Oc2ccccc2)c1,1.30571868224291
1529,3766-81-2,CCC(C)c1ccccc1OC(=O)NC,0.29779787121532
1530,3811-49-2,CO[P]1(=S)OCc2ccccc2O1,0.378532141199407
1531,698836,NA,1.79579470708903
1532,3878-19-1,[nH]1c2ccccc2nc1c3occc3,0.210429786898363
1533,3942-54-9,CNC(=O)Oc1ccccc1Cl,0.4297355416468
1534,39515-40-7,CC(C)=CC1C(C(=O)OC(C#N)c2cccc(Oc3ccccc3)c2)C1(C)C,-2.00784617371616
1535,39515-51-0,O=Cc1cccc(Oc2ccccc2)c1,0.747845266229298
1536,41394-05-2,CC1=NN=C(c2ccccc2)C(=O)N1N,1.27457832946624
1537,41483-43-6,CCCCc1c(C)nc(NCC)nc1O[S](=O)(=O)N(C)C,0.0604037588403237
1538,4170-30-3,C\C=C/C=O,0.20661968683967
1539,41814-78-2,Cc1cccc2sc3nncn3c12,0.795149599001948
1540,420-04-2,NC#N,0.432064219805125
1541,42576-02-3,COC(=O)c1cc(Oc2ccc(Cl)cc2Cl)ccc1[N+]([O-])=O,-1.0050250100168
1542,464-07-3,CC(O)C(C)(C)C,2.28827094309781
1543,4684-94-0,OC(=O)c1cccc(Cl)n1,0.664234899137653
1544,1029713,NA,1.13902664719142
1545,4726-14-1,CCCN(CCC)c1c(cc(cc1[N+]([O-])=O)[S](C)(=O)=O)[N+]([O-])=O,-0.00356297573168418
1546,475-20-7,CC1(C)CCCC2(C)C3CCC(C13)C2=C,-0.509048322674035
1547,481-39-0,Oc1cccc2C(=O)C=CC(=O)c12,-0.992839862077825
1548,485-31-4,CCC(C)c1cc(cc(c1OC(=O)C=C(C)C)[N+]([O-])=O)[N+]([O-])=O,-0.659296055723072
1549,4901-51-3,Oc1cc(Cl)c(Cl)c(Cl)c1Cl,-0.393350414388884
1550,492-22-8,O=C1c2ccccc2Sc3ccccc13,-0.971422381621908
1551,499-83-2,OC(=O)c1cccc(n1)C(O)=O,2.20682587603184
1552,500-28-7,CO[P](=S)(OC)Oc1ccc(c(Cl)c1)[N+]([O-])=O,-0.395740096736369
1553,501-52-0,OC(=O)CCc1ccccc1,2.17587487262534
1554,50-30-6,OC(=O)c1c(Cl)cccc1Cl,1.81564692515172
1555,50-31-7,OC(=O)c1c(Cl)ccc(Cl)c1Cl,1.82695153193615
1556,503-74-2,CC(C)CC(O)=O,2.98445494879903
1557,504-24-5,Nc1ccncc1,0.883961292826968
1558,50512-35-1,CC(C)OC(=O)C(C(=O)OC(C)C)=C1SCCS1,0.630038031883749
1559,50563-36-5,COCCN(C(=O)CCl)c1c(C)cccc1C,0.333254882585183
1560,50-65-7,Oc1ccc(Cl)cc1C(=O)Nc2ccc(cc2Cl)[N+]([O-])=O,-1.23397401912344
1561,51200-87-4,CC1(C)COCN1,1.50202292430607
1562,51218-49-6,CCCOCCN(C(=O)CCl)c1c(CC)cccc1CC,-1.48650321995462
1563,51338-27-3,COC(=O)C(C)Oc1ccc(Oc2ccc(Cl)cc2Cl)cc1,-0.882959069679641
1564,51707-55-2,O=C(Nc1snnc1)Nc2ccccc2,0.459462941694635
1565,52-51-7,OCC(Br)(CO)[N+]([O-])=O,0.575750571187946
1566,5259-88-1,CC1=C(C(=O)Nc2ccccc2)[S](=O)(=O)CCO1,1.03134593688427
1567,526-75-0,Cc1cccc(O)c1C,0.781442641295247
1568,527-60-6,Cc1cc(C)c(O)c(C)c1,1.11326353295039
1569,52888-80-9,CCCN(CCC)C(=O)SCc1ccccc1,-0.261393825528253
1570,53112-28-0,Cc1cc(C)nc(Nc2ccccc2)n1,0.752318207603858
1571,533-23-3,CCOC(=O)COc1ccc(Cl)cc1Cl,-0.0119229975844691
1572,533-74-4,CN1CSC(=S)N(C)C1,-0.333343183208646
1573,534-52-1,Cc1cc(cc(c1O)[N+]([O-])=O)[N+]([O-])=O,-0.285836613046964
1574,535-80-8,OC(=O)c1cccc(Cl)c1,1.46239799789894
1575,54-11-5,CN1CCC[C@H]1c2cccnc2,0.690891774187089
1576,541-73-1,Clc1cccc(Cl)c1,0.698116148937967
1577,54593-83-8,CCO[P](=S)(OCC)OC(Cl)C(Cl)(Cl)Cl,-3.5675614698321
1578,5464-71-1,CCCCCCCCOC(=O)C(C)O,1.02260859760167
1579,55335-06-3,OC(=O)COc1nc(Cl)c(Cl)cc1Cl,0.742415382351909
1580,554-00-7,Nc1ccc(Cl)cc1Cl,0.450858435799915
1581,55406-53-6,CCCCNC(=O)OCC#CI,-1.01979284900708
1582,554-84-7,Oc1cccc(c1)[N+]([O-])=O,0.393324258651747
1583,555-37-3,CCCCN(C)C(=O)Nc1ccc(Cl)c(Cl)c1,-0.469126659391456
1584,556-61-6,CN=C=S,-1.2158699179773
1585,556-82-1,CC(C)=CCO,1.926464989669
1586,56634-95-8,CCCCCCC(=O)Oc1c(Br)cc(cc1Br)C#N,-1.54309923243088
1587,573-56-8,Oc1c(cccc1[N+]([O-])=O)[N+]([O-])=O,1.29776051109912
1588,57369-32-1,O=C1CCc2cccc3CCN1c23,1.23124280768129
1589,576-24-9,Oc1cccc(Cl)c1Cl,0.199226219108474
1590,57646-30-7,COC(=O)C(C)N(C(=O)c1occc1)c2c(C)cccc2C,1.3261514666946
1591,578-54-1,CCc1ccccc1N,1.19798603356451
1592,57966-95-7,CCNC(=O)NC(=O)\C(=N\OC)C#N,0.251433421269262
1593,583-78-8,Oc1cc(Cl)ccc1Cl,0.201176653093357
1594,584-79-2,CC(C)=CC1C(C(=O)OC2CC(=O)C(=C2C)CC=C)C1(C)C,-1.81258277014964
1595,589-16-2,CCc1ccc(N)cc1,0.886823375331038
1596,59-06-3,CCOc1cc(NC(C)=O)ccc1C(=O)OC,1.58185553553889
1597,590-86-3,CC(C)CC=O,1.45110574451657
1598,591-27-5,Nc1cccc(O)c1,0.0121583904143537
1599,591-35-5,Oc1cc(Cl)cc(Cl)c1,0.0900843216390131
1600,5915-41-3,CCNc1nc(Cl)nc(NC(C)(C)C)n1,-1.24972646158964
1601,59-50-7,Cc1cc(O)ccc1Cl,0.422126252647868
1602,595-37-9,CCC(C)(C)C(O)=O,3.05350167365778
1603,598-16-3,BrC=C(Br)Br,0.54437510641341
1604,598-56-1,CCN(C)C,1.19060592319694
1605,59-92-7,NC(Cc1ccc(O)c(O)c1)C(O)=O,-0.698970004336018
1606,60-00-4,OC(=O)CN(CCN(CC(O)=O)CC(O)=O)CC(O)=O,1.95887102011924
1607,60-12-8,OCCc1ccccc1,2.2282018283423
1608,602-01-7,Cc1cccc(c1[N+]([O-])=O)[N+]([O-])=O,-0.0354177253195356
1609,60207-31-0,Clc1ccc(c(Cl)c1)C2(Cn3cncn3)OCCO2,1.20658127884523
1610,60-24-2,OCCS,1.24774355209997
1611,608-31-1,Nc1c(Cl)cccc1Cl,0.0816861306785537
1612,608-71-9,Oc1c(Br)c(Br)c(Br)c(Br)c1Br,-1.33254704711004
1613,609-19-8,Oc1cc(Cl)c(Cl)c(Cl)c1,-0.638892587576673
1614,611-06-3,[O-][N+](=O)c1ccc(Cl)cc1Cl,0.519781287433613
1615,616-45-5,O=C1CCCN1,2.13218147429694
1616,618-62-2,[O-][N+](=O)c1cc(Cl)cc(Cl)c1,0.0947162109465107
1617,618-87-1,Nc1cc(cc(c1)[N+]([O-])=O)[N+]([O-])=O,0.653172217634208
1618,623-37-0,CCCC(O)CC,2.50832665181129
1619,626-43-7,Nc1cc(Cl)cc(Cl)c1,0.104415455149469
1620,626-93-7,CCCCC(C)O,2.3907321574793
1621,627-30-5,OCCCCl,2.28559770411508
1622,628-63-7,CCCCCOC(C)=O,1.96458436736827
1623,629-11-8,OCCCCCCO,2.77121236780693
1624,6317-18-6,N#CSCSC#N,-1.36698957070209
1625,632-22-4,CN(C)C(=O)N(C)C,2.75694809828282
1626,634-66-2,Clc1ccc(Cl)c(Cl)c1Cl,-0.638919311589396
1627,634-67-3,Nc1ccc(Cl)c(Cl)c1Cl,-0.153616169414197
1628,634-83-3,Nc1cc(Cl)c(Cl)c(Cl)c1Cl,-0.689616892277292
1629,634-90-2,Clc1cc(Cl)c(Cl)c(Cl)c1,0.153382516706796
1630,636-30-6,Nc1cc(Cl)c(Cl)cc1Cl,0.203251475933309
1631,64-00-6,CNC(=O)Oc1cccc(c1)C(C)C,-1.53489347687547
1632,64-18-6,OC=O,2.10896122324392
1633,64-19-7,CC(O)=O,2.06017889480348
1634,64359-81-5,CCCCCCCCN1SC(=C(Cl)C1=O)Cl,-1.8135625901978
1635,645-62-5,CCC\C=C(/CC)C=O,0.876290650444407
1636,64700-56-7,CCCCOCCOC(=O)COc1nc(Cl)c(Cl)cc1Cl,-0.249989697917411
1637,66230-04-4,CC(C)[C@@H](C(=O)O[C@@H](C#N)c1cccc(Oc2ccccc2)c1)c3ccc(Cl)cc3,-3.09994230457908
1638,66441-23-4,CCOC(=O)C(C)Oc1ccc(Oc2oc3cc(Cl)ccc3n2)cc1,-0.346379877139572
1639,67129-08-2,Cc1cccc(C)c1N(Cn2cccn2)C(=O)CCl,0.554495595076116
1640,67-45-8,[O-][N+](=O)c1oc(cc1)\C=N\N2CCOC2=O,-0.620746678680325
1641,67564-91-4,CC(CN1C[C@H](C)O[C@H](C)C1)Cc2ccc(cc2)C(C)(C)C,0.28378409955863
1642,67-68-5,C[S](C)=O,4.06726159909922
1643,68-11-1,OC(=O)CS,1.17609125905567
1644,6864-37-5,CC1CC(CCC1N)CC2CCC(N)C(C)C2,0.732078716220743
1645,687-47-8,CCOC(=O)[C@H](C)O,2.63979424429099
1646,693-21-0,[O-][N+](=O)OCCOCCO[N+]([O-])=O,2.05841515367372
1647,69581-33-5,Clc1cccc(c1)N(C2CCOC2=O)C(=O)C3CC3,1.46225570789155
1648,69-72-7,OC(=O)c1ccccc1O,1.76580012114777
1649,6988-21-2,CNC(=O)Oc1ccccc1C2OCCO2,1.05700212618749
1650,700-13-0,Cc1cc(O)c(C)c(C)c1O,0.113786231590301
1651,700-38-9,Cc1ccc(c(O)c1)[N+]([O-])=O,0.951217504147308
1652,70-38-2,CC(C)=CC1C(C(=O)OCc2ccc(C)cc2C)C1(C)C,-1.39552121980092
1653,7085-19-0,CC(Oc1ccc(Cl)cc1C)C(O)=O,1.35556635763741
1654,71-23-8,CCCO,3.32030345533718
1655,71283-80-2,CCOC(=O)[C@@H](C)Oc1ccc(Oc2oc3cc(Cl)ccc3n2)cc1,-0.414240837311247
1656,71-41-0,CCCCCO,2.40519715440951
1657,71561-11-0,Cn1nc(C)c(C(=O)c2ccc(Cl)cc2Cl)c1OCC(=O)c3ccccc3,-0.648816348656239
1658,7166-19-0,[O-][N+](=O)\C(Br)=C/c1ccccc1,-1.59892475424788
1659,7286-84-2,COC(=O)c1cc(Cl)cc(N)c1Cl,-0.0162965105997511
1660,73250-68-7,CN(C(=O)COc1sc2ccccc2n1)c3ccccc3,-0.249678396798774
1661,74070-46-5,Nc1c(Cl)c(Oc2ccccc2)ccc1[N+]([O-])=O,-1.41489898690427
1662,741-58-2,CC(C)O[P](=S)(OC(C)C)SCCN[S](=O)(=O)c1ccccc1,-0.341346069459988
1663,74222-97-2,COC(=O)c1ccccc1[S](=O)(=O)NC(=O)Nc2nc(C)cc(C)n2,-0.895529672821451
1664,74738-17-3,Clc1cccc(c1Cl)c2c[nH]cc2C#N,-0.395464293871274
1665,74-89-5,CN,2.04250974135889
1666,75-04-7,CCN,2.20260013902549
1667,75-12-7,NC=O,3.1255276774556
1668,75-31-0,CC(C)N,1.69497836694545
1669,75-50-3,CN(C)C,2.09218966476961
1670,75-64-9,CC(C)(C)N,1.45794326726159
1671,75-86-5,CC(C)(O)C#N,-0.466940723125761
1672,75-87-6,ClC(Cl)(Cl)C=O,2.04351306114845
1673,75-91-2,CC(C)(C)OO,0.97261252740853
1674,75-98-9,CC(C)(C)C(O)=O,2.45281114445973
1675,763-32-6,CC(=C)CCO,2.26511875021057
1676,767-00-0,Oc1ccc(cc1)C#N,1.41135737966307
1677,7696-12-0,CC(C)=C[C@@H]1[C@@H](C(=O)OCN2C(=O)C3=C(CCCC3)C2=O)C1(C)C,-0.410950818896074
1678,7700-17-6,CO[P](=O)(OC)OC(/C)=C/C(=O)OC(C)c1ccccc1,-1.22113105446809
1679,7747-35-5,CCC12COCN1COC2,1.61068372860606
1680,77-71-4,CC1(C)NC(=O)NC1=O,3.91645394854991
1681,77732-09-3,COCC(=O)N(N1CCOC1=O)c2c(C)cccc2C,2.0918404754617
1682,77-73-6,C1C=CC2C3CC(C=C3)C12,0.96086762092567
1683,77-75-8,CCC(C)(O)C#C,2.77732793201362
1684,779-02-2,Cc1c2ccccc2cc3ccccc13,-1.69911484159402
1685,77-99-6,CCC(CO)(CO)CO,3.73404536888559
1686,78-40-0,CCO[P](=O)(OCC)OCC,2.7431982687924
1687,78-70-6,CC(C)=CCCC(C)(O)C=C,1.30852288226744
1688,78-90-0,CC(N)CN,2.75251899866905
1689,78-92-2,CCC(C)O,2.92363733559901
1690,78-96-6,CC(O)CN,2.1723197230035
1691,78-97-7,CC(O)C#N,-0.303716953063691
1692,78-99-9,CCC(Cl)Cl,1.50344318786026
1693,79-08-3,OC(=O)CBr,0.473705429179873
1694,79-09-4,CCC(O)=O,1.90273269491732
1695,79127-80-3,CCOC(=O)NCCOc1ccc(Oc2ccccc2)cc1,-0.239537967668442
1696,791-28-6,O=[P](c1ccccc1)(c2ccccc2)c3ccccc3,1.31332189722807
1697,79-20-9,COC(C)=O,2.22568797625973
1698,79-21-0,CC(=O)OO,0.862707620579495
1699,79-31-2,CC(C)C(O)=O,2.14754934234602
1700,793-24-8,CC(C)CC(C)Nc1ccc(Nc2ccccc2)cc1,-0.606424631903877
1701,79-33-4,C[C@H](O)C(O)=O,2.29594436091729
1702,79-41-4,CC(=C)C(O)=O,1.34502339246211
1703,79-77-6,CC(=O)/C=C/C1=C(C)CCCC1(C)C,0.464440973896535
1704,79-92-5,CC1(C)C2CCC(C2)C1=C,0.698553149610995
1705,80-00-2,Clc1ccc(cc1)[S](=O)(=O)c2ccccc2,0.281014062828537
1706,80-06-8,CC(O)(c1ccc(Cl)cc1)c2ccc(Cl)cc2,-0.255817193639988
1707,80-12-6,O=[S]1(=O)N2CN3CN1CN(C2)[S]3(=O)=O,-1.57735194224055
1708,80-46-6,CCC(C)(C)c1ccc(O)cc1,-0.249461460203663
1709,81334-34-1,CC(C)C1(C)N=C(NC1=O)c2ncccc2C(O)=O,1.34963830767889
1710,81777-89-1,CC1(C)CON(Cc2ccccc2Cl)C1=O,0.396169653119629
1711,822-36-6,Cc1[nH]cnc1,1.1158211260235
1712,82560-54-1,CCOC(=O)CCN(SN(C)C(=O)Oc1cccc2CC(C)(C)Oc12)C(C)C,-0.915004097200924
1713,82-71-3,Oc1c(cc(c(O)c1[N+]([O-])=O)[N+]([O-])=O)[N+]([O-])=O,2.70555251518191
1714,830-13-7,O=C1CCCCCCCCCCC1,0.55442960768222
1715,83-41-0,Cc1cccc(c1C)[N+]([O-])=O,0.430052898489081
1716,834-12-8,CCNc1nc(NC(C)C)nc(SC)n1,-0.454893009464209
1717,83-42-1,Cc1c(Cl)cccc1[N+]([O-])=O,0.685959643738284
1718,836-30-6,[O-][N+](=O)c1ccc(Nc2ccccc2)cc1,0.293480842366922
1719,83657-22-1,CC(C)(C)C(O)\C(=C/c1ccc(Cl)cc1)n2cncn2,1.48577486420995
1720,84087-01-4,OC(=O)c1c(Cl)ccc2cc(Cl)cnc12,0.70791990241842
1721,841-06-5,COCCCNc1nc(NC(C)C)nc(SC)n1,1.03089648284735
1722,84-11-7,O=C1C(=O)c2ccccc2c3ccccc13,-0.580623852427879
1723,84-69-5,CC(C)COC(=O)c1ccccc1C(=O)OCC(C)C,0.116356312252932
1724,85-01-8,c1ccc2c(c1)ccc3ccccc23,-0.517825461980268
1725,85-02-9,c1ccc2c(c1)ccc3ncccc23,-0.115766149681869
1726,85-41-6,O=C1NC(=O)c2ccccc12,1.04627260380279
1727,85-42-7,O=C1OC(=O)C2CCCCC12,1.99219274988821
1728,85-56-3,OC(=O)c1ccccc1C(=O)c2ccc(Cl)cc2,1.85567712666466
1729,87-59-2,Cc1cccc(N)c1C,1.06306151261827
1730,87-61-6,Clc1cccc(Cl)c1Cl,-0.430893404511559
1731,87-65-0,Oc1c(Cl)cccc1Cl,0.656717352175017
1732,87674-68-8,COCC(C)N(C(=O)CCl)c1c(C)scc1C,-0.723486310887355
1733,877-43-0,Cc1ccc2nc(C)ccc2c1,0.718089289025678
1734,88-09-5,CCC(CC)C(O)=O,3.28408637959023
1735,88283-41-4,CO\N=C(\Cc1cccnc1)c2ccc(Cl)cc2Cl,-0.258218845524215
1736,88-74-4,Nc1ccccc1[N+]([O-])=O,1.3409278502704
1737,88-75-5,Oc1ccccc1[N+]([O-])=O,0.984328162079785
1738,88-89-1,Oc1c(cc(cc1[N+]([O-])=O)[N+]([O-])=O)[N+]([O-])=O,1.83039547489373
1739,88-99-3,OC(=O)c1ccccc1C(O)=O,1.25527250510329
1740,89-59-8,Cc1ccc(Cl)cc1[N+]([O-])=O,0.4829400387626
1741,89-61-2,[O-][N+](=O)c1cc(Cl)ccc1Cl,0.530732990459747
1742,89-83-8,CC(C)c1ccc(C)cc1O,0.52624662150015
1743,89-98-5,Clc1ccccc1C=O,0.401429131793554
1744,90-02-8,Oc1ccccc1C=O,0.535302801241557
1745,90-13-1,Clc1cccc2ccccc12,-0.173190501489675
1746,90-15-3,Oc1cccc2ccccc12,0.380445713153658
1747,90-45-9,Nc1c2ccccc2nc3ccccc13,0.716837723299518
1748,90-47-1,O=C1c2ccccc2Oc3ccccc13,-1.03348435630304
1749,90717-03-6,Cc1cnc2c(ccc(Cl)c2C(O)=O)c1,1.58490395769855
1750,91-15-6,N#Cc1ccccc1C#N,1.91475322262634
1751,91-22-5,c1ccc2ncccc2c1,1.43246221013073
1752,91-66-7,CCN(CC)c1ccccc1,0.682444563090778
1753,91-68-9,CCN(CC)c1cccc(O)c1,0.617164405495941
1754,928-68-7,CC(C)CCCC(C)=O,1.59358735202265
1755,929-06-6,NCCOCCO,2.12582682864694
1756,93-08-3,CC(=O)c1ccc2ccccc2c1,0.343423647421172
1757,933-75-5,Oc1c(Cl)ccc(Cl)c1Cl,0.483064843339631
1758,933-78-8,Oc1cc(Cl)cc(Cl)c1Cl,0.000246025976874705
1759,935-92-2,CC1=CC(=O)C(=C(C)C1=O)C,-0.00684706030925037
1760,935-95-5,Oc1c(Cl)c(Cl)cc(Cl)c1Cl,-0.0179964442523716
1761,93-89-0,CCOC(=O)c1ccccc1,0.908774537434768
1762,94-09-7,CCOC(=O)c1ccc(N)cc1,1.15276919844889
1763,94361-06-5,CC(C1CC1)C(O)(Cn2cncn2)c3ccc(Cl)cc3,0.760103226669428
1764,94-68-8,CCNc1ccccc1C,1.27691683748682
1765,947-02-4,CCO[P](=O)(OCC)N=C1SCCS1,0.633684954854068
1766,947-04-6,O=C1CCCCCCCCCCCN1,1.09613547161337
1767,950-35-6,CO[P](=O)(OC)Oc1ccc(cc1)[N+]([O-])=O,-0.980727268522633
1768,953-17-3,CO[P](=S)(OC)SCSc1ccc(Cl)cc1,-1.05772526509606
1769,95-47-6,Cc1ccccc1C,0.964042104095578
1770,95-51-2,Nc1ccccc1Cl,0.761335636001221
1771,95-53-4,Cc1ccccc1N,1.08835636763598
1772,95-54-5,Nc1ccccc1N,0.526487456856676
1773,95-64-7,Cc1ccc(N)cc1C,1.17898683205167
1774,95-76-1,Nc1ccc(Cl)c(Cl)c1,-0.105554813464967
1775,95-77-2,Oc1ccc(Cl)c(Cl)c1,0.0223096064870705
1776,95-82-9,Nc1cc(Cl)ccc1Cl,0.425751677524126
1777,95-87-4,Cc1ccc(C)c(O)c1,0.933212233322312
1778,95-92-1,CCOC(=O)C(=O)OCC,2.32540031089384
1779,95-93-2,Cc1cc(C)c(C)cc1C,0.361931267273472
1780,959-98-8,ClC1=C(Cl)C2(Cl)[C@H]3CO[S](=O)OC[C@H]3[C@]1(Cl)C2(Cl)Cl,-2.28479500816816
1781,96-13-9,OCC(Br)CBr,2.08935594364045
1782,96182-53-5,CCO[P](=S)(OC(C)C)Oc1cnc(nc1)C(C)(C)C,-1.69365320681302
1783,96-22-0,CCC(=O)CC,2.72822437741671
1784,96-23-1,OC(CCl)CCl,2.4694087243495
1785,96-31-1,CNC(=O)NC,2.92077467286384
1786,96-33-3,COC(=O)C=C,0.540109768366656
1787,96489-71-3,CC(C)(C)N1N=CC(=C(Cl)C1=O)SCc2ccc(cc2)C(C)(C)C,-2.37473815135211
1788,96-80-0,CC(C)N(CCO)C(C)C,2.00216606175649
1789,96-91-3,Nc1cc(cc(c1O)[N+]([O-])=O)[N+]([O-])=O,1.39952279022878
1790,97-02-9,Nc1ccc(cc1[N+]([O-])=O)[N+]([O-])=O,0.204506300795517
1791,97-17-6,CCO[P](=S)(OCC)Oc1ccc(Cl)cc1Cl,-0.456322221352339
1792,97-23-4,Oc1ccc(Cl)cc1Cc2cc(Cl)ccc2O,-0.377944225969189
1793,973-21-7,CCC(C)c1cc(cc(c1OC(=O)OC(C)C)[N+]([O-])=O)[N+]([O-])=O,-1.80847787442551
1794,97-61-0,CCCC(C)C(O)=O,2.44951091036852
1795,97-64-3,CCOC(=O)C(C)O,2.61542076561857
1796,97-65-4,OC(=O)CC(=C)C(O)=O,1.83160063258055
1797,97-86-9,CC(C)COC(=O)C(C)=C,0.806920298742865
1798,97-88-1,CCCCOC(=O)C(C)=C,1.45107752737227
1799,98-11-3,O[S](=O)(=O)c1ccccc1,3.88497434661824
1800,98-52-2,CC(C)(C)C1CCC(O)CC1,1.17311464936677
1801,98-73-7,CC(C)(C)c1ccc(cc1)C(O)=O,0.759256969938938
1802,98-94-2,CN(C)C1CCCCC1,0.537805591459298
1803,98-98-6,OC(=O)c1ccccn1,1.71862622965535
1804,99-06-9,OC(=O)c1cccc(O)c1,1.59324187450613
1805,99-08-1,Cc1cccc(c1)[N+]([O-])=O,0.963757837389443
1806,99-09-2,Nc1cccc(c1)[N+]([O-])=O,1.41503234096009
1807,99-51-4,Cc1ccc(cc1C)[N+]([O-])=O,0.896241655613664
1808,99-54-7,[O-][N+](=O)c1ccc(Cl)c(Cl)c1,0.12214098574199
1809,99607-70-2,CCCCCC(C)OC(=O)COc1ccc(Cl)c2cccnc12,0.0998000650444437
1810,99-66-1,CCCC(CCC)C(O)=O,1.73595096277788
1811,99-96-7,OC(=O)c1ccc(O)cc1,1.63977808662627
1812,41859-67-0,CC(C)(Oc1ccc(CCNC(=O)c2ccc(Cl)cc2)cc1)C(O)=O,1.32708278715342
1813,298-46-4,NC(=O)N1c2ccccc2C=Cc3ccccc13,1.40461086649488
1814,15307-86-5,OC(=O)Cc1ccccc1Nc2c(Cl)cccc2Cl,1.00605170039822
1815,723-46-6,Cc1onc(N[S](=O)(=O)c2ccc(N)cc2)c1,0.625835592890329
